timestamp,open,high,low,close,volume
2024-12-06 19:59:00,77.5200,77.6000,77.4700,77.5000,20663
2024-12-06 19:58:00,77.4100,77.5250,77.4000,77.5001,14103
2024-12-06 19:57:00,77.4100,77.4200,77.4000,77.4100,4596
2024-12-06 19:56:00,77.4195,77.4200,77.4000,77.4100,4899
2024-12-06 19:55:00,77.4402,77.4793,77.4000,77.4200,4241
2024-12-06 19:54:00,77.4499,77.4700,77.4200,77.4700,9789
2024-12-06 19:53:00,77.4400,77.4600,77.4200,77.4500,2484
2024-12-06 19:52:00,77.4550,77.4800,77.4200,77.4200,8154
2024-12-06 19:51:00,77.4200,77.4800,77.4200,77.4800,3442
2024-12-06 19:50:00,77.5200,77.5200,77.4200,77.4300,9168
2024-12-06 19:49:00,77.4300,77.5500,77.4300,77.4850,6888
2024-12-06 19:48:00,77.5000,77.5500,77.4300,77.4300,4166
2024-12-06 19:47:00,77.5000,77.5900,77.4200,77.4200,15017
2024-12-06 19:46:00,77.3200,77.5900,77.3100,77.5200,10670
2024-12-06 19:45:00,77.3000,77.3200,77.3000,77.3200,6755
2024-12-06 19:44:00,77.3250,77.3300,77.3000,77.3200,4035
2024-12-06 19:43:00,77.3400,77.3400,77.3200,77.3300,1527
2024-12-06 19:42:00,77.3200,77.3400,77.3000,77.3400,2453
2024-12-06 19:41:00,77.3000,77.3400,77.3000,77.3200,5684
2024-12-06 19:40:00,77.2900,77.3500,77.2500,77.3000,3514
2024-12-06 19:39:00,77.3000,77.3500,77.2000,77.3000,4091
2024-12-06 19:38:00,77.1900,77.3500,77.1800,77.3457,3393
2024-12-06 19:37:00,77.2801,77.2900,77.1100,77.2000,9897
2024-12-06 19:36:00,77.3500,77.3500,77.2800,77.2800,4005
2024-12-06 19:35:00,77.2900,77.3500,77.2800,77.3300,2800
2024-12-06 19:34:00,77.3100,77.3100,77.2700,77.2900,3928
2024-12-06 19:33:00,77.3500,77.3500,77.2500,77.2800,5512
2024-12-06 19:32:00,77.2000,77.3500,77.1400,77.2500,8294
2024-12-06 19:31:00,77.2394,77.2400,77.1400,77.2100,2741
2024-12-06 19:30:00,77.2350,77.2600,77.2000,77.2000,13737
2024-12-06 19:29:00,77.2000,77.2800,77.1400,77.2102,4939
2024-12-06 19:28:00,77.2250,77.3700,77.1100,77.2000,8890
2024-12-06 19:27:00,77.2500,77.2500,77.0100,77.2400,12803
2024-12-06 19:26:00,77.4500,77.5000,76.6800,77.1300,53988
2024-12-06 19:25:00,77.4900,77.6000,77.4500,77.5200,14695
2024-12-06 19:24:00,77.4900,77.6000,77.2900,77.4900,42229
2024-12-06 19:23:00,77.9700,77.9700,77.4616,77.5000,60775
2024-12-06 19:22:00,77.9600,77.9700,77.9300,77.9700,7996
2024-12-06 19:21:00,77.9600,77.9700,77.9600,77.9697,4710
2024-12-06 19:20:00,77.9300,77.9700,77.9300,77.9699,4546
2024-12-06 19:19:00,77.9400,77.9500,77.9100,77.9300,7019
2024-12-06 19:18:00,77.9400,77.9500,77.9100,77.9300,2380
2024-12-06 19:17:00,77.9100,77.9400,77.9000,77.9250,7466
2024-12-06 19:16:00,77.9000,77.9100,77.8901,77.9000,3004
2024-12-06 19:15:00,77.9100,77.9100,77.8900,77.8901,3957
2024-12-06 19:14:00,77.9299,77.9300,77.9200,77.9200,6335
2024-12-06 19:13:00,77.9300,77.9300,77.9200,77.9298,6017
2024-12-06 19:12:00,77.9200,77.9400,77.9100,77.9100,6652
2024-12-06 19:11:00,77.9400,77.9500,77.8900,77.9200,9404
2024-12-06 19:10:00,77.8800,77.9500,77.8500,77.9300,11818
2024-12-06 19:09:00,77.8600,77.8878,77.8200,77.8770,5032
2024-12-06 19:08:00,77.8700,77.8700,77.8200,77.8200,7168
2024-12-06 19:07:00,77.8800,77.9000,77.8700,77.8800,3813
2024-12-06 19:06:00,77.8500,77.8700,77.8200,77.8700,3522
2024-12-06 19:05:00,77.9000,77.9000,77.8500,77.8597,5543
2024-12-06 19:04:00,77.8900,77.9000,77.8500,77.8800,1860
2024-12-06 19:03:00,77.9100,77.9100,77.8600,77.9000,2775
2024-12-06 19:02:00,77.9500,77.9900,77.8500,77.9500,10173
2024-12-06 19:01:00,77.8800,77.9500,77.8201,77.9400,5462
2024-12-06 19:00:00,77.8900,77.9099,77.8500,77.8900,15063
2024-12-06 18:59:00,77.8000,77.8800,77.8000,77.8800,5211
2024-12-06 18:58:00,77.8000,77.8500,77.7900,77.8400,3357
2024-12-06 18:57:00,77.7600,77.8400,77.7100,77.7800,11520
2024-12-06 18:56:00,77.7501,77.8000,77.7500,77.7900,3387
2024-12-06 18:55:00,77.7900,77.8000,77.7000,77.7700,3933
2024-12-06 18:54:00,77.8000,77.8000,77.7115,77.7701,9047
2024-12-06 18:53:00,77.8000,77.8000,77.7112,77.8000,6665
2024-12-06 18:52:00,77.7800,77.8000,77.7800,77.8000,5433
2024-12-06 18:51:00,77.7480,77.8000,77.7300,77.8000,5375
2024-12-06 18:50:00,77.7000,77.7500,77.7000,77.7300,2851
2024-12-06 18:49:00,77.7000,77.7500,77.7000,77.7200,3910
2024-12-06 18:48:00,77.7200,77.7500,77.7100,77.7100,2466
2024-12-06 18:47:00,77.7300,77.7500,77.7000,77.7001,4435
2024-12-06 18:46:00,77.7500,77.7700,77.7000,77.7700,1886
2024-12-06 18:45:00,77.7500,77.7700,77.6900,77.7300,2283
2024-12-06 18:44:00,77.6900,77.7700,77.6800,77.7300,1738
2024-12-06 18:43:00,77.7500,77.7700,77.6501,77.6700,5454
2024-12-06 18:42:00,77.7400,77.7800,77.7100,77.7767,2820
2024-12-06 18:41:00,77.7500,77.8000,77.7400,77.7800,5012
2024-12-06 18:40:00,77.8200,77.8200,77.7500,77.7700,9861
2024-12-06 18:39:00,77.8100,77.8200,77.7000,77.8100,11769
2024-12-06 18:38:00,77.7899,77.8300,77.7700,77.8150,14302
2024-12-06 18:37:00,77.7100,77.7900,77.7000,77.7600,6146
2024-12-06 18:36:00,77.6800,77.7300,77.6501,77.7300,4539
2024-12-06 18:35:00,77.7300,77.7300,77.6600,77.6900,7569
2024-12-06 18:34:00,77.7000,77.7500,77.6900,77.7300,6626
2024-12-06 18:33:00,77.6400,77.7500,77.6400,77.7100,6685
2024-12-06 18:32:00,77.8200,77.8200,77.6300,77.6700,12921
2024-12-06 18:31:00,77.8900,77.8900,77.7700,77.7700,15527
2024-12-06 18:30:00,77.8800,77.9000,77.8700,77.8900,13341
2024-12-06 18:29:00,77.8700,77.8900,77.8500,77.8700,8409
2024-12-06 18:28:00,77.8193,77.8900,77.8000,77.8503,9331
2024-12-06 18:27:00,77.8000,77.8800,77.8000,77.8194,8940
2024-12-06 18:26:00,77.7700,77.8000,77.7600,77.7900,8734
2024-12-06 18:25:00,77.8000,77.8400,77.7700,77.7900,13112
2024-12-06 18:24:00,77.8300,77.8400,77.7800,77.7800,4915
2024-12-06 18:23:00,77.8000,77.8500,77.7600,77.8000,6567
2024-12-06 18:22:00,77.7800,77.9000,77.7001,77.8700,20293
2024-12-06 18:21:00,77.8800,77.9000,77.7000,77.7600,14075
2024-12-06 18:20:00,77.8000,77.8948,77.8000,77.8800,24576
2024-12-06 18:19:00,77.6500,77.8000,77.6500,77.8000,20577
2024-12-06 18:18:00,77.6100,77.7500,77.5800,77.6800,13677
2024-12-06 18:17:00,77.5700,77.7900,77.5450,77.6100,22586
2024-12-06 18:16:00,77.4900,77.6300,77.4800,77.6050,22564
2024-12-06 18:15:00,77.4999,77.5000,77.4800,77.4900,9393
2024-12-06 18:14:00,77.4000,77.5000,77.4000,77.5000,24978
2024-12-06 18:13:00,77.4281,77.4500,77.3600,77.4200,11966
2024-12-06 18:12:00,77.4200,77.4400,77.3600,77.3600,16198
2024-12-06 18:11:00,77.4000,77.4100,77.3600,77.4100,16031
2024-12-06 18:10:00,77.3600,77.4000,77.3400,77.4000,5873
2024-12-06 18:09:00,77.4000,77.4400,77.3500,77.3600,14709
2024-12-06 18:08:00,77.3500,77.4000,77.3400,77.4000,9594
2024-12-06 18:07:00,77.3300,77.3400,77.2900,77.3400,9749
2024-12-06 18:06:00,77.1800,77.3300,77.1750,77.3300,10518
2024-12-06 18:05:00,77.2100,77.2200,77.1700,77.1700,7135
2024-12-06 18:04:00,77.2200,77.2200,77.2000,77.2100,1675
2024-12-06 18:03:00,77.2100,77.2200,77.1800,77.1800,2296
2024-12-06 18:02:00,77.1700,77.2500,77.1600,77.2000,4916
2024-12-06 18:01:00,77.2200,77.2350,77.1300,77.1700,14234
2024-12-06 18:00:00,77.2400,77.2600,77.2000,77.2500,9209
2024-12-06 17:59:00,77.2600,77.2600,77.1801,77.2300,4437
2024-12-06 17:58:00,77.3600,77.3600,77.2500,77.2600,5811
2024-12-06 17:57:00,77.3800,77.3800,77.3400,77.3600,6078
2024-12-06 17:56:00,77.3100,77.3800,77.3100,77.3400,11780
2024-12-06 17:55:00,77.3400,77.3800,77.3100,77.3200,12706
2024-12-06 17:54:00,77.4038,77.4500,77.3500,77.3500,15087
2024-12-06 17:53:00,77.4500,77.4800,77.3900,77.4300,13778
2024-12-06 17:52:00,77.4107,77.4700,77.3500,77.4100,29028
2024-12-06 17:51:00,77.2550,77.4500,77.2000,77.4000,18709
2024-12-06 17:50:00,77.1400,77.3100,77.1400,77.3100,19208
2024-12-06 17:49:00,77.1300,77.1700,77.1000,77.1700,5078
2024-12-06 17:48:00,77.1000,77.1400,77.0900,77.1299,4031
2024-12-06 17:47:00,76.9800,77.1000,76.9800,77.0902,8177
2024-12-06 17:46:00,76.9600,77.0700,76.9600,76.9600,13524
2024-12-06 17:45:00,77.0000,77.0600,76.9600,77.0000,3377
2024-12-06 17:44:00,76.9993,77.0150,76.9600,77.0000,14061
2024-12-06 17:43:00,76.9600,77.0800,76.9600,76.9999,12081
2024-12-06 17:42:00,76.9500,76.9600,76.9300,76.9600,10256
2024-12-06 17:41:00,77.0100,77.0100,76.9200,76.9300,9455
2024-12-06 17:40:00,77.0900,77.0900,77.0000,77.0000,10761
2024-12-06 17:39:00,76.9901,77.1000,76.9900,77.0900,10948
2024-12-06 17:38:00,76.9000,77.0300,76.8800,77.0300,39519
2024-12-06 17:37:00,76.8701,76.9500,76.8600,76.8999,5176
2024-12-06 17:36:00,76.9000,76.9500,76.8500,76.8700,2161
2024-12-06 17:35:00,76.9400,76.9500,76.8000,76.9500,6833
2024-12-06 17:34:00,76.8100,76.9000,76.8000,76.9000,3550
2024-12-06 17:33:00,76.9000,76.9000,76.8000,76.8000,2798
2024-12-06 17:32:00,76.8492,76.8981,76.8200,76.8981,3633
2024-12-06 17:31:00,76.9200,76.9500,76.8300,76.8500,6849
2024-12-06 17:30:00,76.8400,76.9108,76.8400,76.9108,12120
2024-12-06 17:29:00,76.8500,76.8500,76.8200,76.8400,2043
2024-12-06 17:28:00,76.8500,76.8500,76.8400,76.8450,6166
2024-12-06 17:27:00,76.8200,76.8500,76.8000,76.8500,8074
2024-12-06 17:26:00,76.8201,76.8500,76.8000,76.8200,4188
2024-12-06 17:25:00,76.8500,76.8800,76.8200,76.8500,5043
2024-12-06 17:24:00,76.9000,76.9000,76.8300,76.8700,8365
2024-12-06 17:23:00,76.8700,76.9000,76.8700,76.8800,4844
2024-12-06 17:22:00,76.9000,76.9500,76.8700,76.8850,2567
2024-12-06 17:21:00,76.8900,76.9500,76.8900,76.9400,16658
2024-12-06 17:20:00,76.9500,76.9500,76.8900,76.9200,2700
2024-12-06 17:19:00,76.9300,76.9500,76.8900,76.9300,6354
2024-12-06 17:18:00,76.8700,76.9400,76.8200,76.9150,6201
2024-12-06 17:17:00,76.8950,76.9400,76.7257,76.8600,7297
2024-12-06 17:16:00,76.9200,76.9500,76.7257,76.9400,12146
2024-12-06 17:15:00,76.8700,76.9100,76.8400,76.9100,8415
2024-12-06 17:14:00,76.9360,76.9400,76.8500,76.8891,8778
2024-12-06 17:13:00,76.9300,76.9500,76.8700,76.8950,17461
2024-12-06 17:12:00,76.8700,76.9400,76.8400,76.9400,15292
2024-12-06 17:11:00,76.8900,76.8900,76.8400,76.8500,9191
2024-12-06 17:10:00,76.7600,76.8800,76.7500,76.8700,8975
2024-12-06 17:09:00,76.7600,76.7900,76.7100,76.7599,1584
2024-12-06 17:08:00,76.8099,76.8100,76.7300,76.7500,6125
2024-12-06 17:07:00,76.7700,76.8100,76.7700,76.8091,5245
2024-12-06 17:06:00,76.8500,76.8500,76.3400,76.7600,24633
2024-12-06 17:05:00,76.7900,76.8500,76.7500,76.8400,17089
2024-12-06 17:04:00,76.6800,76.7900,76.6600,76.7700,15303
2024-12-06 17:03:00,76.6983,76.7000,76.6600,76.6750,6781
2024-12-06 17:02:00,76.7000,76.7500,76.6500,76.7000,4240
2024-12-06 17:01:00,76.7400,76.7500,76.6213,76.7000,11683
2024-12-06 17:00:00,76.6500,76.7900,76.6400,76.7900,37588
2024-12-06 16:59:00,76.6500,76.6500,76.6200,76.6200,4284
2024-12-06 16:58:00,76.6100,76.6500,76.6000,76.6500,5502
2024-12-06 16:57:00,76.6000,76.6200,76.5900,76.5900,8067
2024-12-06 16:56:00,76.5900,76.6000,76.5800,76.6000,2345
2024-12-06 16:55:00,76.5699,76.6000,76.5699,76.5900,4317
2024-12-06 16:54:00,76.5700,76.5800,76.5600,76.5700,3834
2024-12-06 16:53:00,76.5700,76.5800,76.5500,76.5700,1663
2024-12-06 16:52:00,76.5600,76.5900,76.5600,76.5700,2061
2024-12-06 16:51:00,76.5498,76.5700,76.5200,76.5600,5612
2024-12-06 16:50:00,76.5400,76.5500,76.5000,76.5500,3937
2024-12-06 16:49:00,76.5400,76.5400,76.5100,76.5300,1935
2024-12-06 16:48:00,76.5300,76.5400,76.5100,76.5300,2640
2024-12-06 16:47:00,76.5400,76.5500,76.5200,76.5397,1699
2024-12-06 16:46:00,76.5400,76.5500,76.5217,76.5500,1629
2024-12-06 16:45:00,76.5400,76.5500,76.5100,76.5200,2356
2024-12-06 16:44:00,76.5250,76.5500,76.5200,76.5500,1022
2024-12-06 16:43:00,76.5400,76.5500,76.5100,76.5399,866
2024-12-06 16:42:00,76.5400,76.5500,76.5100,76.5400,2470
2024-12-06 16:41:00,76.5492,76.5500,76.5100,76.5200,3254
2024-12-06 16:40:00,76.5200,76.5600,76.3400,76.5500,167662
2024-12-06 16:39:00,76.5900,76.5900,76.3400,76.5200,43853
2024-12-06 16:38:00,76.6000,76.6000,76.5800,76.5801,2006
2024-12-06 16:37:00,76.5699,76.6000,76.5600,76.5900,13398
2024-12-06 16:36:00,76.5800,76.6000,76.5600,76.5700,3218
2024-12-06 16:35:00,76.5600,76.6000,76.5600,76.6000,1637
2024-12-06 16:34:00,76.5800,76.6000,76.3400,76.5900,3798
2024-12-06 16:33:00,76.5606,76.6000,76.5600,76.5800,1956
2024-12-06 16:32:00,76.6097,76.6200,76.5600,76.5700,8388
2024-12-06 16:31:00,76.5900,76.6100,76.5700,76.6000,4454
2024-12-06 16:30:00,76.5700,76.6000,76.3400,76.5999,157949
2024-12-06 16:29:00,76.5881,76.5900,76.5400,76.5800,2850
2024-12-06 16:28:00,76.5850,76.5900,76.5100,76.5800,11433
2024-12-06 16:27:00,76.6400,76.6400,76.5899,76.5900,11128
2024-12-06 16:26:00,76.6300,76.6500,76.6100,76.6300,14113
2024-12-06 16:25:00,76.5995,76.6700,76.5600,76.6400,19567
2024-12-06 16:24:00,76.6194,76.6500,76.3400,76.5900,19389
2024-12-06 16:23:00,76.5999,76.6600,76.5500,76.6491,22732
2024-12-06 16:22:00,76.6400,76.6400,76.5900,76.5900,11008
2024-12-06 16:21:00,76.6000,76.6500,76.6000,76.6500,19547
2024-12-06 16:20:00,76.6100,76.6100,76.3400,76.6100,33465
2024-12-06 16:19:00,76.4900,76.6100,76.4800,76.6000,25548
2024-12-06 16:18:00,76.4600,76.5000,76.4500,76.4900,3857
2024-12-06 16:17:00,76.4700,76.5000,76.4400,76.4400,4564
2024-12-06 16:16:00,76.4200,76.5000,76.4000,76.4650,15188
2024-12-06 16:15:00,76.4300,76.4400,76.3400,76.4200,7735
2024-12-06 16:14:00,76.4600,76.4600,76.4200,76.4300,4777
2024-12-06 16:13:00,76.4201,76.4600,76.4100,76.4600,7489
2024-12-06 16:12:00,76.4399,76.4400,76.4200,76.4400,4115
2024-12-06 16:11:00,76.4400,76.4500,76.4200,76.4400,7477
2024-12-06 16:10:00,76.4400,76.4500,76.3400,76.4200,140464
2024-12-06 16:09:00,76.4500,76.4700,76.4300,76.4350,4287
2024-12-06 16:08:00,76.4500,76.4900,76.4250,76.4500,19572
2024-12-06 16:07:00,76.4500,76.5000,76.4000,76.4250,4001
2024-12-06 16:06:00,76.4500,76.5000,76.4500,76.4500,5083
2024-12-06 16:05:00,76.4500,76.5500,76.3400,76.4900,14700
2024-12-06 16:04:00,76.4300,76.4700,76.3300,76.4700,17324
2024-12-06 16:03:00,76.4400,76.4500,76.4300,76.4400,3710
2024-12-06 16:02:00,76.4700,76.4700,76.3400,76.4400,294985
2024-12-06 16:01:00,76.4000,76.4400,76.3400,76.3400,12054
2024-12-06 16:00:00,76.3200,76.4300,76.2900,76.4150,4629611
2024-12-06 15:59:00,76.3600,76.3700,76.3000,76.3200,831399
2024-12-06 15:58:00,76.3150,76.3800,76.3100,76.3550,577826
2024-12-06 15:57:00,76.3150,76.3500,76.2949,76.3200,413324
2024-12-06 15:56:00,76.3050,76.3600,76.2846,76.3164,286609
2024-12-06 15:55:00,76.3200,76.4000,76.2850,76.3010,416854
2024-12-06 15:54:00,76.3050,76.3700,76.3000,76.3200,317996
2024-12-06 15:53:00,76.3100,76.3500,76.2550,76.3100,283716
2024-12-06 15:52:00,76.3750,76.3900,76.2900,76.3100,224313
2024-12-06 15:51:00,76.4750,76.5800,76.3350,76.3800,447022
2024-12-06 15:50:00,76.3300,76.4750,76.3000,76.4701,466265
2024-12-06 15:49:00,76.2500,76.3450,76.2200,76.3300,254309
2024-12-06 15:48:00,76.2956,76.3100,76.2327,76.2600,244163
2024-12-06 15:47:00,76.2101,76.3299,76.2100,76.3035,144232
2024-12-06 15:46:00,76.2784,76.3000,76.1950,76.2300,147208
2024-12-06 15:45:00,76.2650,76.4100,76.2400,76.2750,216975
2024-12-06 15:44:00,76.3698,76.3700,76.2550,76.2650,121959
2024-12-06 15:43:00,76.3950,76.3955,76.3600,76.3698,134735
2024-12-06 15:42:00,76.3877,76.4200,76.3600,76.4000,114478
2024-12-06 15:41:00,76.3850,76.4400,76.2100,76.3850,510827
2024-12-06 15:40:00,76.3284,76.4500,76.3201,76.3862,216806
2024-12-06 15:39:00,76.1950,76.3400,76.1904,76.3300,169377
2024-12-06 15:38:00,76.1300,76.1999,76.1300,76.1920,129679
2024-12-06 15:37:00,76.2345,76.2345,76.1330,76.1400,208165
2024-12-06 15:36:00,76.2901,76.3000,76.2100,76.2300,151474
2024-12-06 15:35:00,76.3100,76.3900,76.2900,76.2979,116163
2024-12-06 15:34:00,76.3600,76.3700,76.3128,76.3200,71680
2024-12-06 15:33:00,76.4150,76.4200,76.3050,76.3550,138200
2024-12-06 15:32:00,76.3150,76.4500,76.2800,76.4100,212142
2024-12-06 15:31:00,76.2659,76.3300,76.2501,76.3105,131272
2024-12-06 15:30:00,76.2750,76.3500,76.2650,76.2700,85693
2024-12-06 15:29:00,76.3268,76.3350,76.2601,76.2800,97849
2024-12-06 15:28:00,76.3300,76.3500,76.2919,76.3233,91084
2024-12-06 15:27:00,76.3383,76.4100,76.3100,76.3299,109201
2024-12-06 15:26:00,76.2900,76.3400,76.2900,76.3332,67785
2024-12-06 15:25:00,76.3250,76.3256,76.2800,76.2810,84114
2024-12-06 15:24:00,76.3550,76.3600,76.3000,76.3200,91462
2024-12-06 15:23:00,76.3363,76.4000,76.2800,76.3500,115107
2024-12-06 15:22:00,76.3289,76.3600,76.3003,76.3350,94879
2024-12-06 15:21:00,76.3002,76.3575,76.2900,76.3250,116569
2024-12-06 15:20:00,76.4450,76.4475,76.3000,76.3027,153424
2024-12-06 15:19:00,76.4600,76.4900,76.4315,76.4472,173361
2024-12-06 15:18:00,76.4800,76.4900,76.4600,76.4647,129166
2024-12-06 15:17:00,76.4950,76.5100,76.4700,76.4820,128398
2024-12-06 15:16:00,76.4150,76.5000,76.4150,76.4950,203060
2024-12-06 15:15:00,76.3500,76.4400,76.3500,76.4150,142486
2024-12-06 15:14:00,76.3550,76.3623,76.3100,76.3500,142366
2024-12-06 15:13:00,76.2900,76.3900,76.2800,76.3550,113178
2024-12-06 15:12:00,76.3142,76.3200,76.2550,76.2883,139689
2024-12-06 15:11:00,76.3850,76.4050,76.3000,76.3150,134431
2024-12-06 15:10:00,76.3350,76.4300,76.3350,76.3850,178405
2024-12-06 15:09:00,76.3483,76.3900,76.3300,76.3350,166678
2024-12-06 15:08:00,76.3150,76.3500,76.2900,76.3401,94470
2024-12-06 15:07:00,76.3150,76.3200,76.2800,76.3200,104226
2024-12-06 15:06:00,76.3050,76.3300,76.2800,76.3199,123654
2024-12-06 15:05:00,76.3200,76.3680,76.2901,76.3100,126538
2024-12-06 15:04:00,76.3700,76.3800,76.2800,76.3000,263461
2024-12-06 15:03:00,76.3600,76.3900,76.3500,76.3700,103344
2024-12-06 15:02:00,76.4200,76.4289,76.3350,76.3518,177006
2024-12-06 15:01:00,76.4450,76.5000,76.4100,76.4276,192647
2024-12-06 15:00:00,76.4700,76.4900,76.4401,76.4401,111603
2024-12-06 14:59:00,76.5750,76.5797,76.4500,76.4750,161922
2024-12-06 14:58:00,76.5970,76.6200,76.5400,76.5709,116554
2024-12-06 14:57:00,76.6450,76.6500,76.5600,76.5982,155747
2024-12-06 14:56:00,76.6718,76.7700,76.6101,76.6427,164245
2024-12-06 14:55:00,76.7175,76.7500,76.6100,76.6625,120114
2024-12-06 14:54:00,76.7250,76.7400,76.6950,76.7150,123917
2024-12-06 14:53:00,76.7000,76.7600,76.6900,76.7300,149268
2024-12-06 14:52:00,76.7900,76.8000,76.7000,76.7105,182856
2024-12-06 14:51:00,76.7650,76.7900,76.7400,76.7900,135916
2024-12-06 14:50:00,76.6800,76.7799,76.6701,76.7650,127275
2024-12-06 14:49:00,76.6997,76.7100,76.6600,76.6800,114435
2024-12-06 14:48:00,76.7700,76.8100,76.6700,76.7000,186471
2024-12-06 14:47:00,76.7588,76.8100,76.7500,76.7750,155135
2024-12-06 14:46:00,76.7499,76.8200,76.7300,76.7600,295330
2024-12-06 14:45:00,76.6698,76.7462,76.6200,76.7462,117546
2024-12-06 14:44:00,76.7100,76.7100,76.6600,76.6700,74266
2024-12-06 14:43:00,76.6800,76.7200,76.6500,76.7050,148944
2024-12-06 14:42:00,76.6901,76.7400,76.6699,76.6755,111232
2024-12-06 14:41:00,76.7350,76.7450,76.6850,76.6900,146378
2024-12-06 14:40:00,76.6601,76.7400,76.6300,76.7399,128783
2024-12-06 14:39:00,76.5599,76.7300,76.5501,76.6650,147138
2024-12-06 14:38:00,76.5230,76.6100,76.5200,76.5599,141078
2024-12-06 14:37:00,76.4550,76.5300,76.4400,76.5260,76024
2024-12-06 14:36:00,76.5450,76.5450,76.4334,76.4550,135340
2024-12-06 14:35:00,76.5250,76.5450,76.4800,76.5450,76158
2024-12-06 14:34:00,76.5746,76.5889,76.5100,76.5285,126909
2024-12-06 14:33:00,76.6600,76.6600,76.5400,76.5700,144768
2024-12-06 14:32:00,76.6300,76.6700,76.6200,76.6500,121901
2024-12-06 14:31:00,76.5250,76.6898,76.5200,76.6201,199908
2024-12-06 14:30:00,76.5950,76.5999,76.4600,76.5213,195868
2024-12-06 14:29:00,76.6400,76.6500,76.5500,76.5916,199004
2024-12-06 14:28:00,76.5968,76.6500,76.5900,76.6500,203272
2024-12-06 14:27:00,76.5473,76.6000,76.5200,76.5999,165805
2024-12-06 14:26:00,76.5001,76.5750,76.4901,76.5400,224894
2024-12-06 14:25:00,76.4600,76.5340,76.4200,76.5001,156326
2024-12-06 14:24:00,76.4901,76.5300,76.4600,76.4700,178088
2024-12-06 14:23:00,76.4143,76.5000,76.3800,76.4962,284567
2024-12-06 14:22:00,76.3601,76.4600,76.3601,76.4100,249989
2024-12-06 14:21:00,76.2550,76.3900,76.2550,76.3700,210263
2024-12-06 14:20:00,76.2100,76.3100,76.1950,76.2550,192516
2024-12-06 14:19:00,76.2101,76.3000,76.2000,76.2000,190612
2024-12-06 14:18:00,76.1601,76.2200,76.1600,76.2110,108517
2024-12-06 14:17:00,75.9878,76.1650,75.9700,76.1650,134127
2024-12-06 14:16:00,76.0498,76.1000,75.9700,75.9800,201109
2024-12-06 14:15:00,76.0850,76.0900,76.0100,76.0450,83531
2024-12-06 14:14:00,76.0913,76.1200,76.0800,76.0800,44328
2024-12-06 14:13:00,76.1534,76.1534,76.0700,76.0997,100672
2024-12-06 14:12:00,76.0950,76.2200,76.0600,76.1400,214085
2024-12-06 14:11:00,76.2147,76.2150,76.0099,76.0950,161159
2024-12-06 14:10:00,76.1840,76.2200,76.1200,76.2169,77591
2024-12-06 14:09:00,76.2081,76.2081,76.1300,76.1800,93775
2024-12-06 14:08:00,76.1878,76.2500,76.1838,76.2084,124753
2024-12-06 14:07:00,76.1400,76.1899,76.1000,76.1899,51233
2024-12-06 14:06:00,76.1500,76.1800,76.1050,76.1400,69546
2024-12-06 14:05:00,76.0856,76.1600,76.0734,76.1600,60310
2024-12-06 14:04:00,76.0900,76.1500,76.0800,76.0885,68752
2024-12-06 14:03:00,76.1000,76.1400,76.0600,76.0814,89692
2024-12-06 14:02:00,76.0199,76.1600,76.0199,76.0824,88064
2024-12-06 14:01:00,76.0384,76.0966,76.0000,76.0100,83805
2024-12-06 14:00:00,76.0650,76.0800,76.0100,76.0399,86947
2024-12-06 13:59:00,76.0950,76.1400,76.0482,76.0619,79449
2024-12-06 13:58:00,76.1050,76.1050,76.0600,76.0927,57157
2024-12-06 13:57:00,76.1100,76.1600,76.0500,76.1100,119646
2024-12-06 13:56:00,76.0900,76.1700,76.0820,76.1100,98468
2024-12-06 13:55:00,76.2400,76.2700,76.1000,76.1000,119515
2024-12-06 13:54:00,76.3100,76.3100,76.2200,76.2399,142139
2024-12-06 13:53:00,76.3000,76.3100,76.2600,76.3000,100125
2024-12-06 13:52:00,76.2500,76.3000,76.2300,76.3000,133229
2024-12-06 13:51:00,76.2028,76.2699,75.5500,76.2699,95634
2024-12-06 13:50:00,76.2149,76.2700,76.2000,76.2079,107540
2024-12-06 13:49:00,76.0800,76.2700,76.0700,76.2000,201669
2024-12-06 13:48:00,76.0350,76.1200,76.0109,76.0900,101026
2024-12-06 13:47:00,76.0189,76.0500,75.9500,76.0300,90973
2024-12-06 13:46:00,75.9601,76.0399,75.9601,76.0100,93850
2024-12-06 13:45:00,75.8400,75.9800,75.8300,75.9650,143452
2024-12-06 13:44:00,75.9098,75.9100,75.8200,75.8300,150454
2024-12-06 13:43:00,75.9508,75.9900,75.9000,75.9100,61301
2024-12-06 13:42:00,76.0400,76.0400,75.8800,75.9501,154224
2024-12-06 13:41:00,76.0400,76.0700,76.0000,76.0377,72157
2024-12-06 13:40:00,76.0199,76.1200,75.9900,76.0399,97244
2024-12-06 13:39:00,75.9876,76.0300,75.9700,76.0178,97587
2024-12-06 13:38:00,76.1301,76.1301,75.9702,75.9840,117900
2024-12-06 13:37:00,76.1600,76.2000,76.1383,76.1383,65036
2024-12-06 13:36:00,76.0200,76.2400,76.0200,76.1653,98450
2024-12-06 13:35:00,76.1700,76.2000,75.9900,76.0042,145748
2024-12-06 13:34:00,76.0424,76.1890,76.0300,76.1681,131345
2024-12-06 13:33:00,75.9350,76.0600,75.9300,76.0500,223311
2024-12-06 13:32:00,75.9050,75.9500,75.8448,75.9401,144990
2024-12-06 13:31:00,75.9750,75.9750,75.8800,75.9000,166460
2024-12-06 13:30:00,76.1499,76.1499,75.9700,75.9700,166050
2024-12-06 13:29:00,76.1987,76.2099,76.1203,76.1600,106019
2024-12-06 13:28:00,76.2300,76.2700,76.1900,76.2000,91376
2024-12-06 13:27:00,76.1074,76.2600,76.1000,76.2270,155618
2024-12-06 13:26:00,76.1950,76.1950,76.1000,76.1100,104252
2024-12-06 13:25:00,76.1850,76.2200,76.1700,76.2000,98603
2024-12-06 13:24:00,76.1899,76.2250,76.1600,76.1900,118373
2024-12-06 13:23:00,76.1700,76.2408,76.1301,76.1897,182989
2024-12-06 13:22:00,76.1250,76.2600,76.1250,76.1699,274273
2024-12-06 13:21:00,76.0600,76.1500,75.9900,76.1201,206887
2024-12-06 13:20:00,76.0487,76.1900,76.0300,76.0650,247450
2024-12-06 13:19:00,75.9903,76.0900,75.9903,76.0450,113205
2024-12-06 13:18:00,76.0065,76.0200,75.9500,75.9989,73245
2024-12-06 13:17:00,75.9700,76.0300,75.9600,75.9900,163708
2024-12-06 13:16:00,75.8700,75.9700,75.8700,75.9648,169278
2024-12-06 13:15:00,75.6970,75.9100,75.6900,75.8744,185726
2024-12-06 13:14:00,75.6686,75.7477,75.6250,75.6944,73841
2024-12-06 13:13:00,75.7400,75.7400,75.6600,75.6600,79696
2024-12-06 13:12:00,75.6809,75.7500,75.6600,75.7403,108288
2024-12-06 13:11:00,75.7000,75.7350,75.6803,75.6900,121062
2024-12-06 13:10:00,75.6500,75.7500,75.5850,75.7100,134642
2024-12-06 13:09:00,75.8001,75.8200,75.6400,75.6499,169833
2024-12-06 13:08:00,75.7650,75.8100,75.7450,75.8080,87037
2024-12-06 13:07:00,75.8569,75.8900,75.7450,75.7600,110175
2024-12-06 13:06:00,75.7400,75.9500,75.7400,75.8500,157592
2024-12-06 13:05:00,75.7950,75.7950,75.7100,75.7350,144476
2024-12-06 13:04:00,75.9050,75.9400,75.7734,75.7925,169700
2024-12-06 13:03:00,75.7850,75.9000,75.7500,75.9000,174064
2024-12-06 13:02:00,75.7778,75.8450,75.7701,75.7842,127144
2024-12-06 13:01:00,75.7984,75.8800,75.7650,75.7700,243468
2024-12-06 13:00:00,75.8850,75.8934,75.7700,75.7954,191103
2024-12-06 12:59:00,75.9300,75.9301,75.8500,75.8852,148057
2024-12-06 12:58:00,76.0000,76.0600,75.9100,75.9300,120290
2024-12-06 12:57:00,75.9200,76.0200,75.9199,76.0000,147688
2024-12-06 12:56:00,75.9800,75.9900,75.8600,75.9200,229397
2024-12-06 12:55:00,76.1086,76.1100,75.9592,75.9897,127984
2024-12-06 12:54:00,76.1197,76.1600,76.1000,76.1100,65229
2024-12-06 12:53:00,75.9999,76.1300,75.9991,76.1150,110080
2024-12-06 12:52:00,76.0200,76.0450,75.9100,76.0000,156800
2024-12-06 12:51:00,76.1170,76.1170,75.9600,76.0266,217273
2024-12-06 12:50:00,76.1850,76.2150,76.1100,76.1200,93301
2024-12-06 12:49:00,76.1850,76.2000,76.1600,76.1900,83403
2024-12-06 12:48:00,76.1900,76.2299,76.1601,76.1850,92957
2024-12-06 12:47:00,76.0500,76.1999,76.0400,76.1850,126698
2024-12-06 12:46:00,76.1083,76.1500,76.0369,76.0499,80665
2024-12-06 12:45:00,76.1200,76.1700,76.0800,76.1050,130032
2024-12-06 12:44:00,76.1682,76.2300,76.1101,76.1268,77497
2024-12-06 12:43:00,76.1650,76.2300,76.1301,76.1686,87515
2024-12-06 12:42:00,76.1900,76.2000,76.0800,76.1690,95207
2024-12-06 12:41:00,76.1705,76.2200,76.1700,76.2000,130226
2024-12-06 12:40:00,76.1199,76.1800,76.0624,76.1601,88660
2024-12-06 12:39:00,76.1150,76.1476,76.0700,76.1300,114920
2024-12-06 12:38:00,76.2780,76.2800,76.1000,76.1100,142788
2024-12-06 12:37:00,76.2450,76.3300,76.2350,76.2800,72081
2024-12-06 12:36:00,76.2895,76.2950,76.2000,76.2450,86604
2024-12-06 12:35:00,76.2250,76.3000,76.2000,76.2801,59125
2024-12-06 12:34:00,76.2100,76.2700,76.1900,76.2300,74898
2024-12-06 12:33:00,76.1700,76.2233,76.1600,76.2000,79857
2024-12-06 12:32:00,76.2901,76.3382,76.1500,76.1650,95034
2024-12-06 12:31:00,76.3800,76.3800,76.2286,76.2950,154478
2024-12-06 12:30:00,76.4150,76.4200,76.2901,76.3700,151875
2024-12-06 12:29:00,76.3600,76.4200,76.3400,76.4200,199311
2024-12-06 12:28:00,76.3470,76.3900,76.3200,76.3550,105542
2024-12-06 12:27:00,76.2600,76.3800,76.2600,76.3450,176773
2024-12-06 12:26:00,76.2000,76.3200,76.1946,76.2699,137420
2024-12-06 12:25:00,76.1100,76.2400,76.0440,76.2099,98423
2024-12-06 12:24:00,76.0500,76.2400,76.0200,76.1100,171307
2024-12-06 12:23:00,76.0699,76.0800,75.9900,76.0550,185623
2024-12-06 12:22:00,76.1243,76.1299,76.0500,76.0700,113626
2024-12-06 12:21:00,76.1300,76.1700,76.0900,76.1101,88504
2024-12-06 12:20:00,76.1150,76.1969,76.0800,76.1200,99079
2024-12-06 12:19:00,76.2476,76.2500,76.1072,76.1102,124239
2024-12-06 12:18:00,76.2800,76.3300,76.2101,76.2499,175919
2024-12-06 12:17:00,76.1800,76.2900,76.1401,76.2799,125575
2024-12-06 12:16:00,76.1100,76.2000,76.0800,76.1750,153240
2024-12-06 12:15:00,76.1200,76.1700,76.0800,76.1127,161114
2024-12-06 12:14:00,76.2050,76.2100,76.1200,76.1299,114480
2024-12-06 12:13:00,76.2700,76.2700,76.1500,76.1900,150658
2024-12-06 12:12:00,76.2300,76.2900,76.2100,76.2650,83314
2024-12-06 12:11:00,76.2400,76.2900,76.1900,76.2100,118231
2024-12-06 12:10:00,76.2420,76.2600,76.1700,76.2399,116081
2024-12-06 12:09:00,76.3100,76.3100,76.2300,76.2482,107038
2024-12-06 12:08:00,76.2600,76.4000,76.2500,76.3000,225082
2024-12-06 12:07:00,76.2955,76.3000,76.1400,76.2599,172548
2024-12-06 12:06:00,76.2300,76.3200,76.2100,76.2914,206733
2024-12-06 12:05:00,76.2200,76.2500,76.0200,76.2300,176297
2024-12-06 12:04:00,76.0900,76.2500,76.0400,76.2199,121890
2024-12-06 12:03:00,76.0509,76.1000,75.9700,76.0801,121505
2024-12-06 12:02:00,76.1582,76.1630,76.0500,76.0500,113528
2024-12-06 12:01:00,76.2013,76.2500,76.1300,76.1608,164866
2024-12-06 12:00:00,76.1000,76.2500,76.1000,76.2071,178947
2024-12-06 11:59:00,76.1183,76.1200,76.0101,76.0800,109756
2024-12-06 11:58:00,75.9850,76.1700,75.9750,76.1150,139325
2024-12-06 11:57:00,75.9436,75.9900,75.9436,75.9900,95579
2024-12-06 11:56:00,75.9200,75.9500,75.8300,75.9475,133816
2024-12-06 11:55:00,75.9600,75.9800,75.9100,75.9200,86466
2024-12-06 11:54:00,75.8750,75.9900,75.8750,75.9500,127369
2024-12-06 11:53:00,76.0500,76.0600,75.8700,75.8701,267810
2024-12-06 11:52:00,76.1600,76.2200,76.0100,76.0500,175235
2024-12-06 11:51:00,76.2400,76.2800,76.1300,76.1600,238060
2024-12-06 11:50:00,76.2001,76.2500,76.2000,76.2399,246786
2024-12-06 11:49:00,76.0561,76.2200,76.0450,76.2100,206847
2024-12-06 11:48:00,75.9956,76.1075,75.9956,76.0547,119284
2024-12-06 11:47:00,75.9700,76.0850,75.9450,75.9900,109432
2024-12-06 11:46:00,75.9500,75.9999,75.9400,75.9700,77331
2024-12-06 11:45:00,76.0250,76.0300,75.9150,75.9588,117628
2024-12-06 11:44:00,76.0650,76.0979,75.9500,76.0364,135085
2024-12-06 11:43:00,76.0460,76.1000,76.0200,76.0699,89566
2024-12-06 11:42:00,76.0340,76.0800,76.0300,76.0474,71437
2024-12-06 11:41:00,76.0500,76.0800,76.0100,76.0397,76645
2024-12-06 11:40:00,76.0703,76.0800,75.9700,76.0575,125727
2024-12-06 11:39:00,76.1000,76.1050,76.0301,76.0702,120708
2024-12-06 11:38:00,76.0600,76.1500,76.0000,76.0994,236203
2024-12-06 11:37:00,75.9300,76.0600,75.9089,76.0600,139303
2024-12-06 11:36:00,75.7700,76.0500,75.7600,75.9300,171157
2024-12-06 11:35:00,75.9100,75.9100,75.7599,75.7677,174719
2024-12-06 11:34:00,75.8800,75.9500,75.8500,75.9400,119527
2024-12-06 11:33:00,76.0800,76.0800,75.8500,75.8700,148315
2024-12-06 11:32:00,75.9090,76.0900,75.8801,76.0701,228886
2024-12-06 11:31:00,76.0850,76.1000,75.9000,75.9090,199298
2024-12-06 11:30:00,75.9200,76.1000,75.9097,76.0800,220446
2024-12-06 11:29:00,75.9700,76.0900,75.8700,75.9235,339890
2024-12-06 11:28:00,75.9321,76.0000,75.9300,75.9700,369454
2024-12-06 11:27:00,75.8376,75.9700,75.8001,75.9350,295527
2024-12-06 11:26:00,75.7876,75.8700,75.6800,75.8377,231185
2024-12-06 11:25:00,75.7891,75.8000,75.6700,75.7900,152806
2024-12-06 11:24:00,75.7159,75.8200,75.6700,75.7800,135543
2024-12-06 11:23:00,75.6649,75.8599,75.6549,75.7300,161174
2024-12-06 11:22:00,75.6553,75.7400,75.5800,75.6500,161609
2024-12-06 11:21:00,75.6570,75.7700,75.6200,75.6500,151109
2024-12-06 11:20:00,75.6001,75.6699,75.5100,75.6599,142732
2024-12-06 11:19:00,75.5947,75.8400,75.5900,75.6000,158083
2024-12-06 11:18:00,75.7589,75.8100,75.5800,75.6000,174377
2024-12-06 11:17:00,75.7715,75.8700,75.6600,75.7535,240840
2024-12-06 11:16:00,75.6599,75.7900,75.6000,75.7700,299749
2024-12-06 11:15:00,75.3950,75.6600,75.3900,75.6600,167670
2024-12-06 11:14:00,75.2800,75.4400,75.2800,75.3900,186373
2024-12-06 11:13:00,75.3200,75.3400,75.2400,75.2811,208554
2024-12-06 11:12:00,75.4255,75.4499,75.3250,75.3285,188735
2024-12-06 11:11:00,75.4400,75.5197,75.4200,75.4299,126613
2024-12-06 11:10:00,75.5830,75.6048,75.4100,75.4300,186053
2024-12-06 11:09:00,75.6400,75.6400,75.4300,75.5900,331955
2024-12-06 11:08:00,75.7400,75.7400,75.6400,75.6424,98730
2024-12-06 11:07:00,75.6690,75.7750,75.6400,75.7360,115746
2024-12-06 11:06:00,75.6950,75.7500,75.6300,75.6400,141630
2024-12-06 11:05:00,75.6950,75.7700,75.6600,75.6950,138587
2024-12-06 11:04:00,75.7600,75.7600,75.6500,75.6918,161527
2024-12-06 11:03:00,75.8899,75.9100,75.6910,75.7688,207715
2024-12-06 11:02:00,75.9412,75.9412,75.7900,75.8800,222803
2024-12-06 11:01:00,75.8700,75.9400,75.8400,75.9400,176639
2024-12-06 11:00:00,75.9700,76.0500,75.8000,75.8736,383104
2024-12-06 10:59:00,75.9100,76.0200,75.8300,75.9700,695061
2024-12-06 10:58:00,75.9200,75.9200,75.7800,75.9150,208662
2024-12-06 10:57:00,75.7650,75.9200,75.7600,75.9110,214395
2024-12-06 10:56:00,75.6801,75.7987,75.6800,75.7685,126886
2024-12-06 10:55:00,75.8000,75.8164,75.6600,75.6850,138037
2024-12-06 10:54:00,75.8200,75.8350,75.7002,75.8075,184880
2024-12-06 10:53:00,75.7748,75.9100,75.7650,75.8198,273376
2024-12-06 10:52:00,75.6419,75.7800,75.6345,75.7700,116593
2024-12-06 10:51:00,75.6000,75.7100,75.5600,75.6403,145632
2024-12-06 10:50:00,75.8350,75.8800,75.6013,75.6100,208906
2024-12-06 10:49:00,75.7950,75.8400,75.7600,75.8384,139420
2024-12-06 10:48:00,75.7700,75.8000,75.7200,75.7901,131599
2024-12-06 10:47:00,75.7627,75.8800,75.7400,75.7700,270220
2024-12-06 10:46:00,75.6000,75.7800,75.6000,75.7674,113282
2024-12-06 10:45:00,75.7623,75.8400,75.5400,75.6105,265942
2024-12-06 10:44:00,75.7000,75.8000,75.6300,75.7758,282677
2024-12-06 10:43:00,75.5200,75.7400,75.4862,75.7100,234229
2024-12-06 10:42:00,75.4900,75.5800,75.2700,75.5300,287175
2024-12-06 10:41:00,75.5350,75.6700,75.4600,75.4850,186594
2024-12-06 10:40:00,75.5100,75.6000,75.5100,75.5382,218245
2024-12-06 10:39:00,75.2800,75.5750,75.2800,75.5100,200660
2024-12-06 10:38:00,75.3626,75.3799,75.2250,75.2720,220773
2024-12-06 10:37:00,75.3800,75.4300,75.2900,75.3650,213739
2024-12-06 10:36:00,75.4100,75.4200,75.3300,75.3800,226161
2024-12-06 10:35:00,75.4600,75.5799,75.3600,75.4100,204013
2024-12-06 10:34:00,75.4750,75.5900,75.3900,75.4600,284100
2024-12-06 10:33:00,75.7100,75.7400,75.4300,75.4700,371338
2024-12-06 10:32:00,75.5600,75.7900,75.5600,75.7201,300534
2024-12-06 10:31:00,75.4989,75.5600,75.4050,75.5599,242502
2024-12-06 10:30:00,75.7099,75.7100,75.4700,75.4950,336416
2024-12-06 10:29:00,75.7952,75.9300,75.6600,75.7002,418451
2024-12-06 10:28:00,75.7700,75.8400,75.6500,75.7900,393688
2024-12-06 10:27:00,75.4855,75.7800,75.4601,75.7700,371112
2024-12-06 10:26:00,75.6700,75.7500,75.4700,75.4800,370061
2024-12-06 10:25:00,75.5355,75.6799,75.5300,75.6650,237083
2024-12-06 10:24:00,75.6351,75.6900,75.4600,75.5379,362000
2024-12-06 10:23:00,75.4057,75.6800,75.4050,75.6444,424664
2024-12-06 10:22:00,75.3450,75.4600,75.3400,75.4000,210231
2024-12-06 10:21:00,75.4250,75.5400,75.3300,75.3400,387617
2024-12-06 10:20:00,75.3720,75.4600,75.3100,75.4200,351306
2024-12-06 10:19:00,75.2560,75.4300,75.2100,75.3750,260089
2024-12-06 10:18:00,75.3750,75.3900,75.2500,75.2600,285157
2024-12-06 10:17:00,75.1850,75.4000,75.1650,75.3701,353522
2024-12-06 10:16:00,75.1000,75.2600,75.0700,75.1890,433150
2024-12-06 10:15:00,74.9900,75.1000,74.9400,75.1000,251036
2024-12-06 10:14:00,74.9000,75.0500,74.8900,75.0050,317227
2024-12-06 10:13:00,74.5100,74.9000,74.5091,74.8900,277916
2024-12-06 10:12:00,74.6299,74.6870,74.4100,74.5100,461529
2024-12-06 10:11:00,74.8702,74.8803,74.5700,74.6200,399971
2024-12-06 10:10:00,75.0150,75.1100,74.8700,74.8900,226198
2024-12-06 10:09:00,75.0200,75.1400,74.9200,75.0077,378072
2024-12-06 10:08:00,74.8793,75.0850,74.8500,75.0000,537420
2024-12-06 10:07:00,74.6799,74.9000,74.5900,74.8600,319583
2024-12-06 10:06:00,74.7800,74.7999,74.5901,74.6755,204073
2024-12-06 10:05:00,74.7800,74.8700,74.6700,74.7797,252593
2024-12-06 10:04:00,74.6101,74.9000,74.5500,74.7700,374626
2024-12-06 10:03:00,74.7900,74.8000,74.6100,74.6200,350609
2024-12-06 10:02:00,74.8900,74.9100,74.7850,74.7900,227823
2024-12-06 10:01:00,74.9698,75.0498,74.7301,74.8900,302261
2024-12-06 10:00:00,75.0165,75.0700,74.7800,74.9700,279507
2024-12-06 09:59:00,74.9200,75.0200,74.7800,75.0160,376599
2024-12-06 09:58:00,75.0500,75.0899,74.8000,74.9400,654385
2024-12-06 09:57:00,75.1500,75.1800,74.9800,75.0400,342921
2024-12-06 09:56:00,75.1500,75.2300,74.9400,75.1466,577766
2024-12-06 09:55:00,75.4376,75.5400,75.1400,75.1400,459915
2024-12-06 09:54:00,75.2943,75.5200,75.1800,75.4400,439079
2024-12-06 09:53:00,75.1500,75.3199,75.1500,75.3084,361855
2024-12-06 09:52:00,75.2900,75.3850,75.0906,75.1500,509488
2024-12-06 09:51:00,75.1282,75.3500,75.0600,75.2885,525183
2024-12-06 09:50:00,75.3399,75.5500,75.0100,75.1296,897327
2024-12-06 09:49:00,75.4399,75.5900,75.3200,75.3200,593154
2024-12-06 09:48:00,75.4143,75.5200,75.2700,75.4343,747657
2024-12-06 09:47:00,75.2300,75.4699,75.2300,75.4057,729758
2024-12-06 09:46:00,75.3000,75.3600,75.1500,75.2385,605391
2024-12-06 09:45:00,75.0950,75.3700,74.9000,75.3100,951345
2024-12-06 09:44:00,74.8910,75.2200,74.8500,75.0987,1915008
2024-12-06 09:43:00,74.6865,74.9100,74.5700,74.8991,760204
2024-12-06 09:42:00,74.3398,74.7500,74.3236,74.6852,652234
2024-12-06 09:41:00,74.4670,74.4800,74.2400,74.3346,534843
2024-12-06 09:40:00,74.5400,74.6600,74.3900,74.4699,653176
2024-12-06 09:39:00,74.6900,74.8200,74.5100,74.5250,736675
2024-12-06 09:38:00,74.4079,74.7500,74.3800,74.6830,915542
2024-12-06 09:37:00,74.0556,74.4394,73.9900,74.4000,773020
2024-12-06 09:36:00,73.9200,74.1500,73.8800,74.0700,814133
2024-12-06 09:35:00,73.7852,73.9500,73.6900,73.9001,594886
2024-12-06 09:34:00,73.5656,73.8700,73.4500,73.7852,806099
2024-12-06 09:33:00,72.9400,73.6100,72.9350,73.5600,831365
2024-12-06 09:32:00,72.9586,73.0500,72.6900,72.9400,488959
2024-12-06 09:31:00,72.6770,73.0600,72.4800,72.9325,843345
2024-12-06 09:30:00,72.9500,73.0000,72.2800,72.6635,1643042
2024-12-06 09:29:00,73.0000,73.0500,72.9500,73.0000,22826
2024-12-06 09:28:00,73.0000,73.0500,72.8514,73.0000,41372
2024-12-06 09:27:00,73.1300,73.1500,73.0000,73.0100,30907
2024-12-06 09:26:00,73.1600,73.3900,73.1000,73.1500,14930
2024-12-06 09:25:00,73.4000,73.4000,73.0900,73.1700,42695
2024-12-06 09:24:00,73.3500,73.4000,73.3400,73.3850,5671
2024-12-06 09:23:00,73.3300,73.3500,73.3000,73.3400,16730
2024-12-06 09:22:00,73.3017,73.3400,73.2600,73.3100,6967
2024-12-06 09:21:00,73.3100,73.3400,73.2300,73.2600,14010
2024-12-06 09:20:00,73.2900,73.3300,66.4700,73.3200,10739
2024-12-06 09:19:00,73.1864,73.2900,73.1600,73.2800,7238
2024-12-06 09:18:00,73.2999,73.2999,73.1300,73.1900,41402
2024-12-06 09:17:00,73.3300,73.3500,73.2300,73.3000,35296
2024-12-06 09:16:00,73.3790,73.3800,73.3100,73.3300,7188
2024-12-06 09:15:00,73.3900,73.4000,73.3400,73.3600,6696
2024-12-06 09:14:00,73.3500,73.3800,73.3200,73.3648,11504
2024-12-06 09:13:00,73.3800,73.3800,73.3400,73.3600,4722
2024-12-06 09:12:00,73.3900,73.4000,73.3400,73.3800,14581
2024-12-06 09:11:00,73.4300,73.4300,73.3500,73.3800,12515
2024-12-06 09:10:00,73.3700,73.4300,73.3600,73.4300,8731
2024-12-06 09:09:00,73.3890,73.4000,73.3500,73.3700,7988
2024-12-06 09:08:00,73.3501,73.3900,73.3300,73.3750,10174
2024-12-06 09:07:00,73.3500,73.3900,73.3100,73.3700,12347
2024-12-06 09:06:00,73.2900,73.3500,73.2500,73.3300,18075
2024-12-06 09:05:00,73.3464,73.3800,73.2800,73.3000,15891
2024-12-06 09:04:00,73.4700,73.4700,73.3200,73.3200,10517
2024-12-06 09:03:00,73.4900,73.4900,70.1150,73.4600,10922
2024-12-06 09:02:00,73.4600,73.4900,73.4500,73.4700,7248
2024-12-06 09:01:00,73.3801,73.4600,73.3801,73.4600,8571
2024-12-06 09:00:00,73.4700,73.4700,73.3800,73.4000,15891
2024-12-06 08:59:00,73.5300,73.5400,73.4400,73.4500,16157
2024-12-06 08:58:00,73.4800,73.5500,73.4500,73.5400,10672
2024-12-06 08:57:00,73.5100,73.5500,73.4500,73.4876,22043
2024-12-06 08:56:00,73.4400,73.5100,73.4300,73.5000,13342
2024-12-06 08:55:00,73.4201,73.4400,73.3800,73.4300,17067
2024-12-06 08:54:00,73.3300,73.4400,73.3100,73.4300,14033
2024-12-06 08:53:00,73.3100,73.3500,73.3000,73.3100,9762
2024-12-06 08:52:00,73.3600,73.3700,73.2500,73.3100,21630
2024-12-06 08:51:00,73.3502,73.4000,73.3401,73.3700,9759
2024-12-06 08:50:00,73.3998,73.4000,73.3500,73.3900,10860
2024-12-06 08:49:00,73.3490,73.4000,73.3300,73.3990,6640
2024-12-06 08:48:00,73.4000,73.4000,73.3000,73.3236,9315
2024-12-06 08:47:00,73.4293,73.4500,73.3700,73.3800,20590
2024-12-06 08:46:00,73.3852,73.4700,73.3800,73.4200,15118
2024-12-06 08:45:00,73.2800,73.4000,73.2750,73.3600,18103
2024-12-06 08:44:00,73.3100,73.3400,73.2400,73.2800,21641
2024-12-06 08:43:00,73.3795,73.3800,73.2300,73.3400,32466
2024-12-06 08:42:00,73.4100,73.4500,73.3500,73.3799,18186
2024-12-06 08:41:00,73.5000,73.5000,73.3800,73.4300,51829
2024-12-06 08:40:00,73.6701,73.6800,73.4700,73.4800,28055
2024-12-06 08:39:00,73.4600,73.6999,73.4500,73.6999,38067
2024-12-06 08:38:00,73.4312,73.4900,73.4300,73.4600,19686
2024-12-06 08:37:00,73.4300,73.4500,73.4100,73.4400,21865
2024-12-06 08:36:00,73.4064,73.4500,73.3924,73.4299,18359
2024-12-06 08:35:00,73.4000,73.4100,73.3700,73.3900,11297
2024-12-06 08:34:00,73.3800,73.4000,73.3500,73.3998,19486
2024-12-06 08:33:00,73.4300,73.4500,73.3300,73.3800,35348
2024-12-06 08:32:00,73.4200,73.4500,73.4050,73.4300,18699
2024-12-06 08:31:00,73.4400,73.4500,73.3000,73.4101,30511
2024-12-06 08:30:00,73.3000,73.4600,73.1600,73.4300,46865
2024-12-06 08:29:00,73.1803,73.3000,73.1803,73.2800,21108
2024-12-06 08:28:00,73.2500,73.2500,73.1600,73.2000,18117
2024-12-06 08:27:00,73.2700,73.2800,73.2200,73.2500,16322
2024-12-06 08:26:00,73.2799,73.2890,73.2200,73.2700,9082
2024-12-06 08:25:00,73.2500,73.3000,73.2200,73.2800,17741
2024-12-06 08:24:00,73.2600,73.3000,73.2400,73.2600,9108
2024-12-06 08:23:00,73.2400,73.2674,73.2000,73.2576,18511
2024-12-06 08:22:00,73.2800,73.3300,73.2300,73.2564,10713
2024-12-06 08:21:00,73.1600,73.4000,73.1310,73.2700,39673
2024-12-06 08:20:00,73.2400,73.3001,73.1400,73.1564,32759
2024-12-06 08:19:00,73.0400,73.2400,73.0000,73.2400,23721
2024-12-06 08:18:00,72.9202,73.0500,72.9200,73.0400,27297
2024-12-06 08:17:00,72.9300,72.9300,72.9200,72.9300,2853
2024-12-06 08:16:00,72.9300,72.9400,72.9200,72.9300,4633
2024-12-06 08:15:00,72.9200,72.9300,72.9000,72.9203,3202
2024-12-06 08:14:00,72.8840,72.9200,72.8400,72.9000,4231
2024-12-06 08:13:00,72.8700,72.8900,72.8300,72.8400,8612
2024-12-06 08:12:00,72.9300,72.9300,72.8506,72.8800,8855
2024-12-06 08:11:00,72.9500,72.9500,72.8800,72.9212,5562
2024-12-06 08:10:00,72.9100,72.9500,72.9000,72.9300,5826
2024-12-06 08:09:00,72.9100,72.9200,72.8800,72.9100,2209
2024-12-06 08:08:00,72.8710,72.9200,72.8700,72.9100,7075
2024-12-06 08:07:00,72.9400,72.9500,72.8500,72.8800,11809
2024-12-06 08:06:00,72.9400,72.9500,72.9300,72.9500,18857
2024-12-06 08:05:00,72.9400,72.9500,72.9300,72.9400,6172
2024-12-06 08:04:00,72.9100,72.9400,72.9100,72.9300,9455
2024-12-06 08:03:00,72.9400,72.9400,72.9000,72.9200,5710
2024-12-06 08:02:00,72.8400,72.9600,72.8200,72.9500,15624
2024-12-06 08:01:00,72.9500,73.1200,72.3000,72.9300,20303
2024-12-06 08:00:00,72.9000,73.3636,72.1500,72.9400,430338
2024-12-06 07:59:00,72.8400,72.9200,72.8300,72.9000,7207
2024-12-06 07:58:00,72.8300,72.8600,72.8300,72.8500,1681
2024-12-06 07:57:00,72.8300,72.8500,72.8300,72.8500,571
2024-12-06 07:56:00,72.8600,72.8800,72.8100,72.8500,4478
2024-12-06 07:55:00,72.9300,72.9500,72.8600,72.8700,4107
2024-12-06 07:54:00,72.9200,72.9400,72.9000,72.9300,5979
2024-12-06 07:53:00,72.8900,72.9300,72.8800,72.9200,1787
2024-12-06 07:52:00,72.9100,72.9100,72.8600,72.8800,539
2024-12-06 07:51:00,72.9000,72.9300,72.8800,72.9100,1712
2024-12-06 07:50:00,72.9200,72.9400,72.8800,72.9000,7423
2024-12-06 07:49:00,72.9500,72.9500,72.8500,72.9100,13560
2024-12-06 07:48:00,72.7800,72.9600,72.7700,72.9200,15243
2024-12-06 07:47:00,72.7700,72.8000,72.7700,72.7800,966
2024-12-06 07:46:00,72.7400,72.7800,72.7300,72.7800,4148
2024-12-06 07:45:00,72.7300,72.7300,72.6900,72.7200,2529
2024-12-06 07:44:00,72.7100,72.7300,72.6900,72.7100,2480
2024-12-06 07:43:00,72.6500,72.7300,72.6500,72.7100,2511
2024-12-06 07:42:00,72.6200,72.6800,72.6100,72.6600,746
2024-12-06 07:41:00,72.6000,72.6200,72.6000,72.6200,338
2024-12-06 07:40:00,72.6000,72.6100,72.5700,72.6100,2218
2024-12-06 07:39:00,72.6600,72.6600,72.5800,72.6000,2524
2024-12-06 07:38:00,72.5600,72.6400,72.5500,72.6400,7111
2024-12-06 07:37:00,72.5300,72.5600,72.5200,72.5500,4488
2024-12-06 07:36:00,72.6800,72.6800,72.5300,72.5300,10057
2024-12-06 07:35:00,72.6800,72.7000,72.6700,72.6900,1471
2024-12-06 07:34:00,72.7000,72.7100,72.6400,72.7100,2573
2024-12-06 07:33:00,72.6600,72.7300,72.6400,72.6900,1435
2024-12-06 07:32:00,72.7400,72.7400,72.5100,72.6700,15459
2024-12-06 07:31:00,72.7700,72.7800,72.7400,72.7400,3572
2024-12-06 07:30:00,72.7700,72.8400,72.7600,72.7600,5368
2024-12-06 07:29:00,72.8000,72.8000,72.7500,72.7800,1931
2024-12-06 07:28:00,72.8100,72.8400,72.8000,72.8100,2286
2024-12-06 07:27:00,72.7500,72.8400,72.7500,72.8100,2089
2024-12-06 07:26:00,72.7500,72.7600,72.7300,72.7500,1268
2024-12-06 07:25:00,72.7700,72.7900,72.7300,72.7400,3795
2024-12-06 07:24:00,72.7700,72.8000,72.7500,72.7900,5630
2024-12-06 07:23:00,72.8400,72.8400,72.7800,72.7900,1987
2024-12-06 07:22:00,72.9400,72.9400,72.8300,72.8400,8227
2024-12-06 07:21:00,72.8900,72.9400,72.8900,72.9300,2711
2024-12-06 07:20:00,72.9400,72.9600,72.8800,72.8800,3502
2024-12-06 07:19:00,72.8800,72.9600,72.8800,72.9400,6248
2024-12-06 07:18:00,72.8200,72.9000,72.8200,72.8700,3856
2024-12-06 07:17:00,72.7900,72.8300,72.7900,72.8200,3122
2024-12-06 07:16:00,72.8300,72.8300,72.7800,72.8000,1405
2024-12-06 07:15:00,72.8000,72.8300,72.7700,72.8100,3343
2024-12-06 07:14:00,72.7900,72.8200,72.7600,72.7900,6763
2024-12-06 07:13:00,72.8600,72.8700,72.7900,72.7900,3673
2024-12-06 07:12:00,72.8400,72.9000,72.8300,72.8600,3547
2024-12-06 07:11:00,72.9700,72.9700,72.8200,72.8500,14883
2024-12-06 07:10:00,72.9800,72.9900,72.9600,72.9700,1094
2024-12-06 07:09:00,72.9700,73.0200,72.9600,72.9800,6411
2024-12-06 07:08:00,72.9700,72.9900,72.9600,72.9800,2829
2024-12-06 07:07:00,72.9400,72.9800,72.9200,72.9800,2457
2024-12-06 07:06:00,72.9300,72.9400,72.9000,72.9200,2338
2024-12-06 07:05:00,72.9200,72.9400,72.8800,72.8800,1246
2024-12-06 07:04:00,72.7600,72.9400,72.7600,72.9200,7489
2024-12-06 07:03:00,72.9100,72.9300,72.7700,72.7800,12651
2024-12-06 07:02:00,72.9400,72.9900,72.8900,72.9000,5076
2024-12-06 07:01:00,73.0000,73.0300,72.8900,72.9100,13136
2024-12-06 07:00:00,73.2500,73.2800,72.9900,72.9900,41913
2024-12-06 06:59:00,73.2900,73.2900,73.2300,73.2600,5183
2024-12-06 06:58:00,73.2700,73.2900,73.2200,73.2700,1463
2024-12-06 06:57:00,73.2100,73.2500,73.1800,73.2500,7081
2024-12-06 06:56:00,73.3600,73.3600,73.2000,73.2200,5352
2024-12-06 06:55:00,73.2500,73.3900,73.2400,73.3700,8844
2024-12-06 06:54:00,73.1800,73.2900,73.1600,73.2400,13812
2024-12-06 06:53:00,73.1400,73.1800,73.1400,73.1800,2009
2024-12-06 06:52:00,73.1600,73.1800,73.1200,73.1400,3883
2024-12-06 06:51:00,73.1500,73.1600,73.1400,73.1600,1440
2024-12-06 06:50:00,73.0700,73.1600,73.0700,73.1600,4534
2024-12-06 06:49:00,73.0700,73.0800,73.0500,73.0700,164
2024-12-06 06:48:00,73.0700,73.0800,73.0500,73.0600,1533
2024-12-06 06:47:00,73.0500,73.0700,73.0500,73.0500,587
2024-12-06 06:46:00,73.1400,73.1400,73.0300,73.0500,3779
2024-12-06 06:45:00,73.1800,73.2000,73.1000,73.1400,2469
2024-12-06 06:44:00,73.1500,73.1900,73.1400,73.1800,10549
2024-12-06 06:43:00,73.0600,73.1100,73.0500,73.1000,1073
2024-12-06 06:42:00,73.0300,73.1500,73.0200,73.0900,10824
2024-12-06 06:41:00,72.9600,73.0300,72.9600,73.0300,3752
2024-12-06 06:40:00,72.9700,72.9800,72.9500,72.9600,903
2024-12-06 06:39:00,72.9400,72.9700,72.9300,72.9700,868
2024-12-06 06:38:00,72.9500,72.9500,72.9300,72.9400,367
2024-12-06 06:37:00,72.9900,72.9900,72.9500,72.9500,215
2024-12-06 06:36:00,73.0000,73.0000,72.9600,72.9900,533
2024-12-06 06:35:00,72.9300,73.0000,72.9300,72.9900,1346
2024-12-06 06:34:00,72.8700,72.9400,72.8500,72.9400,5624
2024-12-06 06:33:00,72.9000,72.9100,72.8700,72.8900,1942
2024-12-06 06:32:00,72.9100,72.9100,72.8800,72.9000,5810
2024-12-06 06:31:00,72.9700,72.9800,72.9000,72.9300,5879
2024-12-06 06:30:00,73.0400,73.0400,72.9400,72.9700,5392
2024-12-06 06:29:00,73.0400,73.0400,73.0300,73.0400,953
2024-12-06 06:28:00,73.0400,73.0400,73.0300,73.0400,181
2024-12-06 06:27:00,73.0100,73.0400,73.0000,73.0400,313
2024-12-06 06:26:00,73.0300,73.0400,73.0100,73.0100,1807
2024-12-06 06:25:00,73.0400,73.0400,73.0000,73.0000,1479
2024-12-06 06:24:00,73.0400,73.0400,73.0200,73.0400,1365
2024-12-06 06:23:00,73.0400,73.0400,73.0200,73.0400,1227
2024-12-06 06:22:00,73.0400,73.0400,73.0200,73.0400,633
2024-12-06 06:21:00,73.0500,73.0500,73.0200,73.0400,1665
2024-12-06 06:20:00,73.0900,73.1200,73.0400,73.0500,7519
2024-12-06 06:19:00,73.0800,73.1300,73.0800,73.1200,1326
2024-12-06 06:18:00,73.0600,73.0800,73.0600,73.0800,1830
2024-12-06 06:17:00,72.9900,73.0500,72.9900,73.0500,784
2024-12-06 06:16:00,72.9600,73.0000,72.9600,73.0000,1030
2024-12-06 06:15:00,72.9500,72.9800,72.9300,72.9800,701
2024-12-06 06:14:00,73.0000,73.0000,72.9300,72.9300,2289
2024-12-06 06:13:00,72.9900,73.0100,72.9900,73.0100,74
2024-12-06 06:12:00,72.9800,72.9900,72.9800,72.9900,1477
2024-12-06 06:11:00,73.0500,73.0500,72.9700,72.9700,2458
2024-12-06 06:10:00,73.0600,73.0800,73.0400,73.0500,913
2024-12-06 06:09:00,73.0700,73.0800,73.0500,73.0600,1823
2024-12-06 06:08:00,73.0800,73.0900,73.0700,73.0800,575
2024-12-06 06:07:00,73.0500,73.1000,73.0500,73.0800,2534
2024-12-06 06:06:00,73.0000,73.0500,73.0000,73.0500,755
2024-12-06 06:05:00,73.0600,73.0600,73.0000,73.0000,3376
2024-12-06 06:04:00,73.0000,73.0700,73.0000,73.0400,993
2024-12-06 06:03:00,72.9400,73.0400,72.9200,73.0000,4823
2024-12-06 06:02:00,72.9500,72.9500,72.9100,72.9400,171
2024-12-06 06:01:00,72.9300,72.9400,72.9200,72.9400,1712
2024-12-06 06:00:00,73.0700,73.0700,72.9100,72.9300,11305
2024-12-06 05:59:00,73.0600,73.0800,73.0400,73.0600,1070
2024-12-06 05:58:00,73.1000,73.1000,73.0400,73.0700,3656
2024-12-06 05:57:00,73.0700,73.1000,73.0700,73.1000,1195
2024-12-06 05:56:00,73.0500,73.0700,73.0500,73.0700,2242
2024-12-06 05:55:00,73.0800,73.0800,73.0300,73.0500,3131
2024-12-06 05:54:00,73.1300,73.1300,73.0700,73.0900,3324
2024-12-06 05:53:00,73.1100,73.1300,73.0900,73.1200,2468
2024-12-06 05:52:00,73.1300,73.1400,73.1200,73.1300,676
2024-12-06 05:51:00,73.1400,73.1500,73.1200,73.1300,1210
2024-12-06 05:50:00,73.1400,73.1500,73.1300,73.1400,661
2024-12-06 05:49:00,73.1500,73.1500,73.1300,73.1400,2194
2024-12-06 05:48:00,73.1600,73.1700,73.1400,73.1500,4394
2024-12-06 05:47:00,73.1500,73.1600,73.1400,73.1500,1062
2024-12-06 05:46:00,73.1300,73.1600,73.1300,73.1500,1133
2024-12-06 05:45:00,73.1100,73.1300,73.0900,73.1300,1520
2024-12-06 05:44:00,73.0600,73.1200,73.0600,73.1100,1630
2024-12-06 05:43:00,73.1300,73.1300,73.0500,73.0700,3271
2024-12-06 05:42:00,73.1200,73.1300,73.1100,73.1200,647
2024-12-06 05:41:00,73.0700,73.1300,73.0600,73.1300,730
2024-12-06 05:40:00,73.1300,73.1400,73.0500,73.0600,4423
2024-12-06 05:39:00,73.1300,73.1600,73.1300,73.1400,408
2024-12-06 05:38:00,73.1600,73.1600,73.1200,73.1400,1892
2024-12-06 05:37:00,73.1800,73.1800,73.1400,73.1500,1883
2024-12-06 05:36:00,73.1700,73.1900,73.1600,73.1800,1936
2024-12-06 05:35:00,73.1700,73.1900,73.1700,73.1700,1936
2024-12-06 05:34:00,73.1800,73.1900,73.1600,73.1750,2018
2024-12-06 05:33:00,73.1600,73.1900,73.1300,73.1900,3699
2024-12-06 05:32:00,73.1500,73.1800,73.1500,73.1600,1891
2024-12-06 05:31:00,73.1400,73.1600,73.1200,73.1500,1198
2024-12-06 05:30:00,73.1500,73.1600,73.1300,73.1400,855
2024-12-06 05:29:00,73.1200,73.1500,73.1100,73.1500,839
2024-12-06 05:28:00,73.1400,73.1400,73.1100,73.1200,2489
2024-12-06 05:27:00,73.1100,73.1600,73.1100,73.1600,517
2024-12-06 05:26:00,73.2000,73.2000,73.0700,73.1200,4537
2024-12-06 05:25:00,73.2000,73.2000,73.1600,73.2000,337
2024-12-06 05:24:00,73.1100,73.1500,73.1100,73.1500,731
2024-12-06 05:23:00,73.1800,73.1800,73.1100,73.1200,2369
2024-12-06 05:22:00,73.1700,73.2200,73.1700,73.1800,5183
2024-12-06 05:21:00,73.1300,73.1800,73.1200,73.1400,2162
2024-12-06 05:20:00,73.1000,73.1300,73.1000,73.1200,4342
2024-12-06 05:19:00,73.0600,73.1000,73.0600,73.1000,139
2024-12-06 05:18:00,73.0600,73.1100,73.0600,73.0600,935
2024-12-06 05:17:00,73.1300,73.1300,73.0300,73.0600,942
2024-12-06 05:16:00,73.0000,73.1500,73.0000,73.1500,3480
2024-12-06 05:15:00,73.0600,73.1000,73.0100,73.0100,12389
2024-12-06 05:14:00,73.2400,73.2400,73.0800,73.0800,8488
2024-12-06 05:13:00,73.2200,73.2400,73.2100,73.2400,4094
2024-12-06 05:12:00,73.1500,73.2200,73.1400,73.2100,3606
2024-12-06 05:11:00,73.0600,73.2400,73.0600,73.1400,11172
2024-12-06 05:10:00,72.9800,73.1900,72.9800,73.0800,17234
2024-12-06 05:09:00,72.9800,72.9900,72.9600,72.9800,1361
2024-12-06 05:08:00,72.9900,73.0000,72.9800,72.9800,4573
2024-12-06 05:07:00,72.9100,73.0000,72.9000,73.0000,7062
2024-12-06 05:06:00,72.9200,72.9200,72.9000,72.9100,876
2024-12-06 05:05:00,72.9100,72.9200,72.9100,72.9200,27
2024-12-06 05:04:00,72.9200,72.9200,72.9000,72.9100,806
2024-12-06 05:03:00,72.9300,72.9400,72.9100,72.9100,1153
2024-12-06 05:02:00,72.9100,72.9400,72.9100,72.9400,553
2024-12-06 05:01:00,72.9500,72.9500,72.9100,72.9300,2362
2024-12-06 05:00:00,72.9700,72.9700,72.9400,72.9500,865
2024-12-06 04:59:00,72.9700,72.9900,72.9500,72.9800,2965
2024-12-06 04:58:00,72.9300,72.9800,72.9300,72.9700,936
2024-12-06 04:57:00,72.9300,72.9300,72.9100,72.9200,856
2024-12-06 04:56:00,72.8700,72.9300,72.8700,72.9300,1312
2024-12-06 04:55:00,72.9000,72.9100,72.8800,72.8800,187
2024-12-06 04:54:00,72.8800,72.8800,72.8100,72.8500,7383
2024-12-06 04:53:00,72.9300,72.9300,72.8700,72.8900,4231
2024-12-06 04:52:00,72.9500,72.9600,72.9100,72.9200,3513
2024-12-06 04:51:00,73.0000,73.0000,72.9600,72.9700,1987
2024-12-06 04:50:00,72.9600,73.0000,72.9600,73.0000,7619
2024-12-06 04:49:00,72.9600,72.9700,72.9500,72.9600,943
2024-12-06 04:48:00,72.9600,72.9700,72.9400,72.9700,2043
2024-12-06 04:47:00,72.9000,72.9600,72.9000,72.9600,7656
2024-12-06 04:46:00,72.9600,72.9600,72.8900,72.9000,2357
2024-12-06 04:45:00,72.9400,72.9600,72.9300,72.9500,2206
2024-12-06 04:44:00,72.9300,72.9500,72.9200,72.9400,3349
2024-12-06 04:43:00,72.8900,72.9300,72.8600,72.9300,3926
2024-12-06 04:42:00,72.8700,72.8900,72.8500,72.8900,2438
2024-12-06 04:41:00,72.8400,72.8700,72.8300,72.8500,794
2024-12-06 04:40:00,72.8500,72.8500,72.8400,72.8400,1674
2024-12-06 04:39:00,72.8500,72.8700,72.8400,72.8400,656
2024-12-06 04:38:00,72.8800,72.8800,72.8400,72.8700,918
2024-12-06 04:37:00,72.8200,72.8900,72.8100,72.8900,4419
2024-12-06 04:36:00,72.7700,72.8200,72.7700,72.8200,7732
2024-12-06 04:35:00,72.7600,72.7800,72.7500,72.7700,2309
2024-12-06 04:34:00,72.8000,72.8000,72.7600,72.7600,1586
2024-12-06 04:33:00,72.8500,72.8500,72.7900,72.8000,4293
2024-12-06 04:32:00,72.8500,72.8600,72.8300,72.8300,859
2024-12-06 04:31:00,72.8600,72.8800,72.8500,72.8600,1937
2024-12-06 04:30:00,72.8700,72.8800,72.8400,72.8700,2789
2024-12-06 04:29:00,72.9100,72.9100,72.8800,72.8800,1541
2024-12-06 04:28:00,72.8800,73.0000,72.8500,72.9000,8152
2024-12-06 04:27:00,72.9000,72.9300,72.8900,72.8900,3474
2024-12-06 04:26:00,72.8900,72.9300,72.8800,72.9100,4152
2024-12-06 04:25:00,72.8800,72.9400,72.8600,72.9000,17675
2024-12-06 04:24:00,72.8200,72.8800,72.8000,72.8800,4348
2024-12-06 04:23:00,72.7500,72.8400,72.7500,72.8300,2118
2024-12-06 04:22:00,72.7900,72.8300,72.7400,72.7800,3128
2024-12-06 04:21:00,72.7900,72.8000,72.7600,72.7800,3354
2024-12-06 04:20:00,72.7800,72.7900,72.7500,72.7900,773
2024-12-06 04:19:00,72.7400,72.7900,72.7300,72.7600,3932
2024-12-06 04:18:00,72.7500,72.7500,72.7000,72.7400,1730
2024-12-06 04:17:00,72.7500,72.7500,72.6700,72.7400,9201
2024-12-06 04:16:00,72.7300,72.7500,72.7200,72.7500,1168
2024-12-06 04:15:00,72.7300,72.7500,72.7200,72.7200,610
2024-12-06 04:14:00,72.7000,72.7400,72.6900,72.7400,1195
2024-12-06 04:13:00,72.6800,72.7200,72.6800,72.7000,2091
2024-12-06 04:12:00,72.7100,72.7300,72.6700,72.6900,9559
2024-12-06 04:11:00,72.7400,72.7400,72.6500,72.7300,8682
2024-12-06 04:10:00,72.7600,72.7800,72.7300,72.7500,3631
2024-12-06 04:09:00,72.8300,72.8400,72.7400,72.7500,8160
2024-12-06 04:08:00,72.7100,72.8400,72.7100,72.8300,9646
2024-12-06 04:07:00,72.7300,72.7900,72.7000,72.7100,8666
2024-12-06 04:06:00,72.7300,72.7500,72.6600,72.7400,4310
2024-12-06 04:05:00,72.7500,72.7700,72.6700,72.7600,5416
2024-12-06 04:04:00,72.6600,72.7600,72.6400,72.7600,3049
2024-12-06 04:03:00,72.6800,72.7200,72.6000,72.6600,4382
2024-12-06 04:02:00,72.6200,72.7000,72.5600,72.6800,3989
2024-12-06 04:01:00,72.5300,72.7000,72.4000,72.6400,10608
2024-12-06 04:00:00,72.4000,72.5900,72.1700,72.5400,8301
2024-12-05 19:59:00,72.0500,72.0900,72.0300,72.0700,454
2024-12-05 19:58:00,72.0900,72.1050,72.0100,72.0500,6467
2024-12-05 19:57:00,72.0801,72.0900,72.0600,72.0900,1533
2024-12-05 19:56:00,72.0900,72.0900,72.0750,72.0800,762
2024-12-05 19:55:00,72.0900,72.0900,72.0600,72.0800,399
2024-12-05 19:54:00,72.0700,72.0900,72.0600,72.0606,3612
2024-12-05 19:53:00,72.0800,72.0900,72.0500,72.0700,11719
2024-12-05 19:52:00,72.0800,72.0900,72.0600,72.0800,6101
2024-12-05 19:51:00,72.1100,72.1300,72.0800,72.0900,3642
2024-12-05 19:50:00,72.0900,72.1200,72.0600,72.1000,5558
2024-12-05 19:49:00,72.0600,72.0900,72.0300,72.0800,4654
2024-12-05 19:48:00,72.0800,72.0800,72.0300,72.0450,1206
2024-12-05 19:47:00,72.1100,72.1101,72.0700,72.0700,3585
2024-12-05 19:46:00,72.1100,72.1300,72.1100,72.1200,1755
2024-12-05 19:45:00,72.1300,72.1400,72.1100,72.1200,2771
2024-12-05 19:44:00,72.1399,72.1400,72.1200,72.1200,1083
2024-12-05 19:43:00,72.1400,72.1400,72.1300,72.1300,351
2024-12-05 19:42:00,72.1400,72.1400,72.1300,72.1300,1168
2024-12-05 19:41:00,72.1300,72.1400,72.1200,72.1350,443
2024-12-05 19:40:00,72.1300,72.1500,72.1100,72.1205,220
2024-12-05 19:39:00,72.1500,72.1500,72.1100,72.1200,4304
2024-12-05 19:38:00,72.1400,72.1500,72.1400,72.1400,3201
2024-12-05 19:37:00,72.1450,72.1500,72.1400,72.1500,213
2024-12-05 19:36:00,72.1400,72.1500,72.1400,72.1499,1617
2024-12-05 19:35:00,72.1700,72.1800,72.1450,72.1500,1416
2024-12-05 19:34:00,72.1600,72.1700,72.1400,72.1700,1241
2024-12-05 19:33:00,72.1700,72.1800,72.1500,72.1700,1808
2024-12-05 19:32:00,72.1600,72.1700,72.1400,72.1550,1111
2024-12-05 19:31:00,72.1600,72.1700,72.1400,72.1699,343
2024-12-05 19:30:00,72.1700,72.1800,72.1400,72.1500,960
2024-12-05 19:29:00,72.1800,72.1800,72.1600,72.1700,263
2024-12-05 19:28:00,72.1800,72.1800,72.1600,72.1700,5271
2024-12-05 19:27:00,72.1600,72.1800,72.1600,72.1700,694
2024-12-05 19:26:00,72.1500,72.1800,72.1500,72.1500,1981
2024-12-05 19:25:00,72.1900,72.1900,72.1696,72.1696,373
2024-12-05 19:24:00,72.1800,72.2000,72.1500,72.1600,1684
2024-12-05 19:23:00,72.1665,72.2000,72.1600,72.2000,11074
2024-12-05 19:22:00,72.1650,72.1800,72.1500,72.1600,5574
2024-12-05 19:21:00,72.1650,72.1800,72.1500,72.1600,293
2024-12-05 19:20:00,72.1700,72.1800,72.1500,72.1800,12565
2024-12-05 19:19:00,72.1399,72.1700,72.1200,72.1697,4274
2024-12-05 19:18:00,72.1200,72.1400,72.1200,72.1400,266
2024-12-05 19:17:00,72.1300,72.1400,72.1200,72.1300,465
2024-12-05 19:16:00,72.1100,72.1400,72.1014,72.1200,2600
2024-12-05 19:15:00,72.1050,72.1100,72.0750,72.1100,568
2024-12-05 19:14:00,72.1097,72.1100,72.1000,72.1000,1504
2024-12-05 19:13:00,72.1000,72.1200,72.1000,72.1100,3161
2024-12-05 19:12:00,72.0700,72.1200,72.0500,72.1199,3147
2024-12-05 19:11:00,72.0400,72.0700,72.0400,72.0600,494
2024-12-05 19:10:00,72.0600,72.0800,72.0400,72.0450,426
2024-12-05 19:09:00,72.0600,72.0800,72.0000,72.0500,2063
2024-12-05 19:08:00,72.0600,72.0800,72.0000,72.0043,1273
2024-12-05 19:07:00,72.0700,72.0800,72.0200,72.0500,27
2024-12-05 19:06:00,72.0900,72.0900,72.0000,72.0400,2060
2024-12-05 19:05:00,72.1100,72.1100,72.1000,72.1000,610
2024-12-05 19:04:00,72.1100,72.1200,72.0600,72.0800,628
2024-12-05 19:03:00,72.1400,72.1400,72.1199,72.1199,576
2024-12-05 19:02:00,72.1400,72.1500,72.1100,72.1250,466
2024-12-05 19:01:00,72.1200,72.1500,72.1100,72.1500,2898
2024-12-05 19:00:00,72.1093,72.1500,72.0850,72.1350,2359
2024-12-05 18:59:00,72.0300,72.1100,72.0150,72.0850,13606
2024-12-05 18:58:00,72.0600,72.0600,72.0100,72.0300,477
2024-12-05 18:57:00,72.0200,72.0600,71.9900,72.0200,327
2024-12-05 18:56:00,72.0100,72.0500,72.0000,72.0400,99
2024-12-05 18:55:00,71.9800,72.0600,71.9800,72.0400,5999
2024-12-05 18:54:00,72.0291,72.0300,71.9800,71.9800,2159
2024-12-05 18:53:00,72.0400,72.0500,72.0000,72.0150,1905
2024-12-05 18:52:00,72.0400,72.0500,72.0300,72.0400,213
2024-12-05 18:51:00,72.0150,72.0440,72.0000,72.0400,408
2024-12-05 18:50:00,72.0300,72.0300,72.0000,72.0200,698
2024-12-05 18:49:00,72.0150,72.0300,72.0000,72.0300,179
2024-12-05 18:48:00,72.0099,72.0500,72.0000,72.0100,3382
2024-12-05 18:47:00,72.0100,72.0100,72.0000,72.0000,914
2024-12-05 18:46:00,72.0099,72.0100,72.0000,72.0100,1221
2024-12-05 18:45:00,72.0100,72.0100,72.0000,72.0100,1233
2024-12-05 18:44:00,72.0000,72.0100,72.0000,72.0100,544
2024-12-05 18:43:00,71.9900,72.0100,71.9507,72.0000,3898
2024-12-05 18:42:00,71.9900,71.9900,71.9500,71.9500,161
2024-12-05 18:41:00,71.9900,71.9900,71.9500,71.9800,1254
2024-12-05 18:40:00,71.9700,71.9900,71.9500,71.9900,320
2024-12-05 18:39:00,71.9900,71.9900,71.9500,71.9600,100
2024-12-05 18:38:00,71.9500,71.9900,71.9500,71.9513,3018
2024-12-05 18:37:00,72.0000,72.0000,71.9500,71.9800,330
2024-12-05 18:36:00,72.0000,72.0000,71.9500,71.9750,338
2024-12-05 18:35:00,71.9500,72.0000,71.9500,71.9750,1329
2024-12-05 18:34:00,72.0000,72.0000,71.9500,71.9500,2550
2024-12-05 18:33:00,71.9500,72.0000,71.9500,71.9750,2558
2024-12-05 18:32:00,72.0000,72.0000,71.9500,71.9500,470
2024-12-05 18:31:00,71.9800,72.0100,71.9500,71.9800,5788
2024-12-05 18:30:00,72.0000,72.0100,71.9500,72.0100,446
2024-12-05 18:29:00,71.9800,72.0000,71.9600,72.0000,542
2024-12-05 18:28:00,71.9700,72.0100,71.9500,72.0000,746
2024-12-05 18:27:00,71.9500,72.0100,71.9500,72.0000,2180
2024-12-05 18:26:00,71.9500,72.0000,71.9500,71.9500,389
2024-12-05 18:25:00,72.0000,72.0000,71.9500,72.0000,609
2024-12-05 18:24:00,72.0000,72.0000,71.9500,72.0000,466
2024-12-05 18:23:00,71.9700,72.0000,71.9500,72.0000,811
2024-12-05 18:22:00,71.9500,72.0300,71.9500,71.9750,273
2024-12-05 18:21:00,71.9301,72.0300,71.9301,72.0300,314
2024-12-05 18:20:00,72.0100,72.0300,71.9300,71.9300,3306
2024-12-05 18:19:00,71.9900,72.0300,71.9800,71.9900,1716
2024-12-05 18:18:00,71.9500,72.0300,71.9200,72.0300,2138
2024-12-05 18:17:00,71.9493,71.9500,71.9200,71.9500,564
2024-12-05 18:16:00,71.9300,71.9500,71.9200,71.9200,3028
2024-12-05 18:15:00,71.9600,71.9600,71.9200,71.9200,1078
2024-12-05 18:14:00,71.9303,71.9600,71.9300,71.9400,1425
2024-12-05 18:13:00,71.9600,71.9600,71.9300,71.9600,3861
2024-12-05 18:12:00,71.9599,71.9600,71.9500,71.9599,570
2024-12-05 18:11:00,71.9599,71.9600,71.9500,71.9600,450
2024-12-05 18:10:00,72.0000,72.0100,71.9500,71.9700,6941
2024-12-05 18:09:00,72.0000,72.0400,72.0000,72.0100,1367
2024-12-05 18:08:00,72.0018,72.0400,72.0000,72.0300,702
2024-12-05 18:07:00,72.0400,72.0400,72.0000,72.0398,949
2024-12-05 18:06:00,72.0000,72.0500,72.0000,72.0399,792
2024-12-05 18:05:00,72.0000,72.0500,72.0000,72.0000,3389
2024-12-05 18:04:00,72.0500,72.0500,72.0000,72.0100,1320
2024-12-05 18:03:00,72.0400,72.0500,72.0000,72.0500,1458
2024-12-05 18:02:00,72.0100,72.0500,72.0000,72.0495,1815
2024-12-05 18:01:00,72.0500,72.0500,72.0000,72.0250,352
2024-12-05 18:00:00,72.0350,72.0500,71.9500,72.0497,1769
2024-12-05 17:59:00,72.0200,72.0500,72.0200,72.0300,134
2024-12-05 17:58:00,72.0250,72.0500,72.0200,72.0500,312
2024-12-05 17:57:00,72.0300,72.0500,72.0000,72.0500,556
2024-12-05 17:56:00,72.0300,72.0500,72.0100,72.0200,1407
2024-12-05 17:55:00,72.0000,72.0500,71.9500,72.0200,8527
2024-12-05 17:54:00,72.0000,72.0100,71.9600,72.0000,1668
2024-12-05 17:53:00,72.0200,72.0299,72.0050,72.0100,481
2024-12-05 17:52:00,72.0500,72.0500,72.0200,72.0200,1408
2024-12-05 17:51:00,72.0600,72.0800,72.0400,72.0500,1727
2024-12-05 17:50:00,72.0900,72.0900,72.0600,72.0900,4268
2024-12-05 17:49:00,72.0500,72.0999,72.0500,72.0900,557
2024-12-05 17:48:00,72.0500,72.1000,72.0500,72.1000,868
2024-12-05 17:47:00,72.0500,72.0500,72.0400,72.0400,1667
2024-12-05 17:46:00,72.0600,72.0800,72.0400,72.0450,1159
2024-12-05 17:45:00,72.0700,72.0900,72.0600,72.0794,518
2024-12-05 17:44:00,72.0700,72.1000,72.0600,72.0608,1209
2024-12-05 17:43:00,72.0850,72.1000,72.0700,72.0700,610
2024-12-05 17:42:00,72.0900,72.0992,72.0700,72.0988,2626
2024-12-05 17:41:00,72.0600,72.1000,72.0600,72.0800,712
2024-12-05 17:40:00,72.0750,72.0900,72.0600,72.0600,745
2024-12-05 17:39:00,72.0800,72.0900,72.0600,72.0600,522
2024-12-05 17:38:00,72.0697,72.0900,72.0600,72.0900,3511
2024-12-05 17:37:00,72.0300,72.0700,72.0100,72.0600,4062
2024-12-05 17:36:00,72.0000,72.0500,72.0000,72.0500,1714
2024-12-05 17:35:00,72.0400,72.0500,72.0200,72.0400,632
2024-12-05 17:34:00,72.0300,72.0600,72.0000,72.0200,1706
2024-12-05 17:33:00,72.0200,72.0600,72.0000,72.0350,908
2024-12-05 17:32:00,72.0000,72.0200,71.9500,72.0100,2567
2024-12-05 17:31:00,72.0000,72.0000,71.9500,71.9700,1930
2024-12-05 17:30:00,71.9300,72.0000,71.9300,71.9800,836
2024-12-05 17:29:00,71.9500,72.0000,71.9300,71.9650,2113
2024-12-05 17:28:00,71.9600,71.9700,71.9400,71.9400,2041
2024-12-05 17:27:00,71.9800,72.0100,71.9600,71.9600,2477
2024-12-05 17:26:00,71.9800,72.0200,71.9800,71.9800,1223
2024-12-05 17:25:00,71.9800,72.0100,71.9700,72.0000,6905
2024-12-05 17:24:00,72.0100,72.0100,71.9800,71.9800,1811
2024-12-05 17:23:00,72.0500,72.0500,72.0000,72.0000,1528
2024-12-05 17:22:00,72.0900,72.1000,72.0200,72.0700,1239
2024-12-05 17:21:00,72.0800,72.1000,72.0500,72.0900,4141
2024-12-05 17:20:00,72.0800,72.1000,72.0600,72.0799,867
2024-12-05 17:19:00,72.0300,72.0600,72.0100,72.0552,1819
2024-12-05 17:18:00,72.0200,72.0400,72.0100,72.0395,1927
2024-12-05 17:17:00,72.0200,72.0400,72.0000,72.0200,351
2024-12-05 17:16:00,71.9800,72.0200,71.9500,72.0200,1076
2024-12-05 17:15:00,71.9950,72.0200,71.9700,71.9800,615
2024-12-05 17:14:00,71.9800,72.0400,71.9700,72.0300,864
2024-12-05 17:13:00,72.0260,72.0300,71.8700,72.0200,3025
2024-12-05 17:12:00,72.0000,72.0300,71.9000,72.0000,7234
2024-12-05 17:11:00,71.9800,72.0000,71.9700,71.9703,2659
2024-12-05 17:10:00,72.0100,72.0300,71.9703,71.9900,7648
2024-12-05 17:09:00,72.0301,72.0497,72.0300,72.0300,1236
2024-12-05 17:08:00,72.0300,72.0500,72.0300,72.0399,268
2024-12-05 17:07:00,72.0400,72.0500,72.0300,72.0492,1738
2024-12-05 17:06:00,72.0850,72.0900,72.0100,72.0400,1089
2024-12-05 17:05:00,72.1000,72.1000,72.0500,72.0700,2306
2024-12-05 17:04:00,72.1000,72.1000,72.0500,72.0500,3366
2024-12-05 17:03:00,72.0543,72.1000,72.0500,72.1000,758
2024-12-05 17:02:00,72.1200,72.1500,72.0900,72.0900,7908
2024-12-05 17:01:00,72.0900,72.1200,72.0502,72.1200,4814
2024-12-05 17:00:00,72.0500,72.1000,72.0500,72.0891,2452
2024-12-05 16:59:00,72.0700,72.1000,72.0500,72.1000,1262
2024-12-05 16:58:00,72.0100,72.0700,72.0100,72.0500,2098
2024-12-05 16:57:00,72.0700,72.0700,72.0100,72.0400,616
2024-12-05 16:56:00,72.0201,72.0500,72.0100,72.0500,2869
2024-12-05 16:55:00,72.0500,72.0500,72.0100,72.0500,943
2024-12-05 16:54:00,72.0700,72.0700,71.8700,72.0304,256325
2024-12-05 16:53:00,72.0100,72.0900,72.0100,72.0400,292
2024-12-05 16:52:00,72.0900,72.0900,72.0200,72.0200,547
2024-12-05 16:51:00,72.0700,72.1000,72.0500,72.0900,1675
2024-12-05 16:50:00,72.0499,72.0700,72.0200,72.0700,4529
2024-12-05 16:49:00,71.9794,72.1000,71.9400,72.0499,4974
2024-12-05 16:48:00,71.9400,71.9800,71.9400,71.9400,2837
2024-12-05 16:47:00,71.9400,71.9600,71.9300,71.9600,3077
2024-12-05 16:46:00,71.9600,71.9600,71.9300,71.9400,726
2024-12-05 16:45:00,71.9800,71.9800,71.9500,71.9700,677
2024-12-05 16:44:00,71.9609,71.9800,71.8700,71.9800,180550
2024-12-05 16:43:00,71.9500,71.9800,71.9400,71.9600,2458
2024-12-05 16:42:00,72.0300,72.0300,71.9400,71.9400,3169
2024-12-05 16:41:00,71.9600,72.0300,71.9500,71.9900,2679
2024-12-05 16:40:00,71.9213,72.0000,71.9200,71.9982,1210
2024-12-05 16:39:00,71.9900,72.0000,71.9200,71.9200,9019
2024-12-05 16:38:00,72.0500,72.0700,71.9800,71.9900,7963
2024-12-05 16:37:00,72.0600,72.0700,72.0300,72.0400,467
2024-12-05 16:36:00,72.0600,72.0700,72.0300,72.0400,2380
2024-12-05 16:35:00,72.1100,72.1200,72.0400,72.0700,2419
2024-12-05 16:34:00,72.0300,72.1500,72.0300,72.1100,4926
2024-12-05 16:33:00,72.0500,72.0800,72.0300,72.0500,2666
2024-12-05 16:32:00,72.0300,72.0900,72.0300,72.0500,1480
2024-12-05 16:31:00,72.0696,72.0700,72.0300,72.0301,3959
2024-12-05 16:30:00,72.0500,72.0700,72.0300,72.0700,3827
2024-12-05 16:29:00,72.0700,72.1000,72.0500,72.0750,3828
2024-12-05 16:28:00,72.0900,72.1000,72.0700,72.0800,731
2024-12-05 16:27:00,72.0800,72.1000,72.0700,72.1000,652
2024-12-05 16:26:00,72.1000,72.1000,72.0603,72.0700,2029
2024-12-05 16:25:00,72.1200,72.1200,72.0500,72.0900,1034
2024-12-05 16:24:00,72.1398,72.1600,72.0800,72.0900,12765
2024-12-05 16:23:00,72.1050,72.1400,72.0900,72.1300,3212
2024-12-05 16:22:00,72.0700,72.1100,72.0400,72.1100,4571
2024-12-05 16:21:00,72.0500,72.1000,72.0100,72.0400,2442
2024-12-05 16:20:00,71.9400,72.0500,71.9300,72.0400,7646
2024-12-05 16:19:00,71.9600,71.9900,71.9300,71.9301,2607
2024-12-05 16:18:00,71.9600,71.9900,71.9400,71.9400,3798
2024-12-05 16:17:00,71.9800,72.0200,71.9303,71.9500,5837
2024-12-05 16:16:00,72.0200,72.0500,71.9800,71.9800,5929
2024-12-05 16:15:00,71.8700,72.0900,71.8700,72.0000,3921
2024-12-05 16:14:00,72.0500,72.0500,72.0100,72.0301,4282
2024-12-05 16:13:00,72.1100,72.1100,72.0100,72.0499,5445
2024-12-05 16:12:00,72.0200,72.1100,72.0100,72.1000,3258
2024-12-05 16:11:00,71.9150,72.1500,71.9000,72.1100,34216
2024-12-05 16:10:00,71.9100,71.9300,71.9000,71.9100,1990
2024-12-05 16:09:00,71.9100,71.9300,71.8700,71.9000,3104
2024-12-05 16:08:00,71.9000,71.9350,71.8700,71.8950,5798
2024-12-05 16:07:00,71.8500,71.9700,71.8500,71.9000,2311
2024-12-05 16:06:00,71.9200,71.9500,71.8500,71.9200,9424
2024-12-05 16:05:00,71.9016,71.9500,71.8700,71.9200,6651
2024-12-05 16:04:00,71.9700,71.9900,71.8700,71.9000,4104
2024-12-05 16:03:00,72.0100,72.0500,71.9300,72.0000,3816
2024-12-05 16:02:00,71.8700,72.1100,71.8700,72.0100,46636
2024-12-05 16:01:00,72.1000,72.1500,71.8700,72.1300,29902
2024-12-05 16:00:00,71.8715,72.3000,71.8700,72.1486,3962840
2024-12-05 15:59:00,71.8550,71.8800,71.8000,71.8715,464654
2024-12-05 15:58:00,71.8550,71.8850,71.8400,71.8588,247542
2024-12-05 15:57:00,71.8350,71.8900,71.8000,71.8550,183968
2024-12-05 15:56:00,71.8300,71.9200,71.8300,71.8300,180369
2024-12-05 15:55:00,72.0100,72.0150,71.7547,71.8220,297299
2024-12-05 15:54:00,72.1050,72.1100,71.9100,72.0100,209960
2024-12-05 15:53:00,72.0187,72.1300,72.0050,72.1028,172876
2024-12-05 15:52:00,71.9550,72.0500,71.8800,72.0150,179301
2024-12-05 15:51:00,72.0001,72.0499,71.8600,71.9500,232799
2024-12-05 15:50:00,72.1200,72.2000,71.9600,72.0050,267405
2024-12-05 15:49:00,72.2500,72.2600,72.1000,72.1188,252456
2024-12-05 15:48:00,72.1700,72.2700,72.1695,72.2450,112263
2024-12-05 15:47:00,72.2500,72.2600,72.1601,72.1601,114321
2024-12-05 15:46:00,72.2312,72.3100,72.2200,72.2452,141715
2024-12-05 15:45:00,72.1764,72.2400,72.1601,72.2350,85939
2024-12-05 15:44:00,72.2250,72.3150,72.1500,72.1730,246620
2024-12-05 15:43:00,72.1750,72.2700,72.1330,72.2200,140146
2024-12-05 15:42:00,72.1800,72.1900,72.1500,72.1743,68255
2024-12-05 15:41:00,72.1800,72.1992,72.1200,72.1700,110244
2024-12-05 15:40:00,72.1600,72.1701,72.1300,72.1666,78971
2024-12-05 15:39:00,72.1549,72.1700,72.0860,72.1500,104874
2024-12-05 15:38:00,72.1700,72.1950,72.1301,72.1600,60810
2024-12-05 15:37:00,72.1900,72.2200,72.1600,72.1750,116476
2024-12-05 15:36:00,72.1950,72.2000,72.1550,72.1928,99246
2024-12-05 15:35:00,72.1400,72.2000,72.1000,72.1950,133304
2024-12-05 15:34:00,72.1300,72.1500,72.0500,72.1287,111547
2024-12-05 15:33:00,72.0974,72.1300,72.0700,72.1300,84151
2024-12-05 15:32:00,72.0350,72.1500,72.0348,72.0999,94402
2024-12-05 15:31:00,72.0800,72.0900,72.0102,72.0350,72120
2024-12-05 15:30:00,72.0350,72.1450,72.0250,72.0815,116209
2024-12-05 15:29:00,71.9900,72.0500,71.9800,72.0350,42958
2024-12-05 15:28:00,71.9894,72.0400,71.9650,71.9800,92847
2024-12-05 15:27:00,72.0200,72.0400,71.9350,71.9840,82592
2024-12-05 15:26:00,71.9715,72.0600,71.9100,72.0236,125118
2024-12-05 15:25:00,72.0600,72.1450,71.9700,71.9774,149814
2024-12-05 15:24:00,72.0898,72.0950,72.0000,72.0488,92100
2024-12-05 15:23:00,72.0552,72.0900,71.9941,72.0750,109770
2024-12-05 15:22:00,72.0100,72.0700,71.9300,72.0500,152897
2024-12-05 15:21:00,71.9450,72.0450,71.8600,72.0370,131081
2024-12-05 15:20:00,71.9799,72.0298,71.9300,71.9450,122590
2024-12-05 15:19:00,71.9500,71.9825,71.9373,71.9735,84268
2024-12-05 15:18:00,71.9800,71.9955,71.9300,71.9400,130520
2024-12-05 15:17:00,71.9635,71.9950,71.9300,71.9700,98169
2024-12-05 15:16:00,72.0550,72.0550,71.9200,71.9600,144923
2024-12-05 15:15:00,72.1371,72.2652,72.0400,72.0508,105281
2024-12-05 15:14:00,72.1297,72.1399,72.0600,72.1364,100717
2024-12-05 15:13:00,72.2300,72.2356,72.1250,72.1250,118030
2024-12-05 15:12:00,72.2250,72.2700,72.1600,72.2300,111855
2024-12-05 15:11:00,72.3300,72.3326,72.2200,72.2279,111036
2024-12-05 15:10:00,72.3519,72.4000,72.3300,72.3301,75841
2024-12-05 15:09:00,72.4100,72.4150,72.3000,72.3599,102378
2024-12-05 15:08:00,72.4599,72.4900,72.4000,72.4150,81312
2024-12-05 15:07:00,72.4850,72.4895,72.4200,72.4550,107030
2024-12-05 15:06:00,72.4400,72.5000,72.4200,72.4900,137913
2024-12-05 15:05:00,72.3518,72.4450,72.3350,72.4450,99192
2024-12-05 15:04:00,72.3500,72.3700,72.3300,72.3550,45349
2024-12-05 15:03:00,72.3000,72.3700,72.2650,72.3500,60395
2024-12-05 15:02:00,72.2950,72.3600,72.2601,72.3050,76886
2024-12-05 15:01:00,72.3450,72.3450,72.2800,72.3000,84582
2024-12-05 15:00:00,72.4400,72.4400,72.3100,72.3400,90461
2024-12-05 14:59:00,72.4099,72.4700,72.3700,72.4450,70108
2024-12-05 14:58:00,72.3100,72.4400,72.3050,72.4100,128257
2024-12-05 14:57:00,72.2350,72.3210,72.2201,72.3150,72922
2024-12-05 14:56:00,72.2550,72.2800,72.2000,72.2400,93113
2024-12-05 14:55:00,72.2798,72.2799,72.2000,72.2500,112529
2024-12-05 14:54:00,72.3300,72.3479,72.2600,72.2701,118222
2024-12-05 14:53:00,72.3650,72.3701,72.2900,72.3300,90562
2024-12-05 14:52:00,72.3550,72.3899,72.3300,72.3642,80721
2024-12-05 14:51:00,72.4301,72.4326,72.3500,72.3600,142402
2024-12-05 14:50:00,72.4250,72.4500,72.3900,72.4250,135763
2024-12-05 14:49:00,72.4300,72.4300,72.3800,72.4250,43177
2024-12-05 14:48:00,72.3600,72.4350,72.3500,72.4253,48084
2024-12-05 14:47:00,72.3726,72.4460,72.3550,72.3600,98758
2024-12-05 14:46:00,72.3950,72.4250,72.3700,72.3700,83270
2024-12-05 14:45:00,72.3600,72.4700,72.3600,72.3962,100182
2024-12-05 14:44:00,72.4100,72.4150,72.3400,72.3699,113376
2024-12-05 14:43:00,72.3700,72.4200,72.3600,72.4001,71353
2024-12-05 14:42:00,72.3550,72.3750,72.3201,72.3700,66271
2024-12-05 14:41:00,72.3800,72.4000,72.3200,72.3500,99247
2024-12-05 14:40:00,72.3800,72.4082,72.3100,72.3900,133373
2024-12-05 14:39:00,72.3150,72.3900,72.3100,72.3888,75999
2024-12-05 14:38:00,72.2400,72.3200,72.2400,72.3170,67444
2024-12-05 14:37:00,72.2735,72.2900,72.2100,72.2350,50919
2024-12-05 14:36:00,72.1300,72.3000,72.1300,72.2863,83438
2024-12-05 14:35:00,72.2300,72.2800,72.1000,72.1300,89712
2024-12-05 14:34:00,72.2000,72.2300,72.1800,72.2250,77842
2024-12-05 14:33:00,72.1909,72.2100,72.1620,72.1900,51492
2024-12-05 14:32:00,72.2130,72.2200,72.1700,72.1941,49499
2024-12-05 14:31:00,72.2387,72.2496,72.2050,72.2150,41132
2024-12-05 14:30:00,72.2301,72.2499,72.1900,72.2326,53454
2024-12-05 14:29:00,72.1914,72.2399,72.1750,72.2399,63434
2024-12-05 14:28:00,72.2450,72.2450,72.1400,72.1800,63457
2024-12-05 14:27:00,72.2699,72.2700,72.2200,72.2426,63665
2024-12-05 14:26:00,72.3246,72.3400,72.2600,72.2650,98015
2024-12-05 14:25:00,72.2900,72.3400,72.2600,72.3200,121269
2024-12-05 14:24:00,72.1824,72.3000,72.1700,72.3000,104995
2024-12-05 14:23:00,72.1873,72.2400,72.1700,72.1863,65514
2024-12-05 14:22:00,72.2100,72.2100,72.1400,72.1850,64932
2024-12-05 14:21:00,72.2300,72.2450,72.1600,72.2099,78087
2024-12-05 14:20:00,72.2300,72.2450,72.2100,72.2338,38865
2024-12-05 14:19:00,72.2266,72.2483,72.2000,72.2100,54259
2024-12-05 14:18:00,72.2300,72.2500,72.2000,72.2266,59855
2024-12-05 14:17:00,72.1900,72.2500,72.1800,72.2400,77002
2024-12-05 14:16:00,72.2146,72.2299,72.1300,72.1800,54431
2024-12-05 14:15:00,72.1900,72.2250,72.1500,72.2200,61496
2024-12-05 14:14:00,72.1600,72.2165,72.1600,72.1700,81422
2024-12-05 14:13:00,72.0700,72.1800,72.0600,72.1501,131887
2024-12-05 14:12:00,72.1681,72.1700,72.0600,72.0600,114110
2024-12-05 14:11:00,72.1800,72.2305,72.1600,72.1600,78510
2024-12-05 14:10:00,72.1800,72.1851,72.1277,72.1800,90016
2024-12-05 14:09:00,72.0970,72.2000,72.0891,72.1878,113426
2024-12-05 14:08:00,72.0400,72.1100,72.0200,72.0800,70486
2024-12-05 14:07:00,71.9300,72.0690,71.9140,72.0400,157963
2024-12-05 14:06:00,71.9800,71.9850,71.8700,71.9258,86400
2024-12-05 14:05:00,71.9400,71.9900,71.9400,71.9900,40437
2024-12-05 14:04:00,71.8700,71.9999,71.8600,71.9353,80592
2024-12-05 14:03:00,71.7600,71.9499,71.7500,71.8600,82980
2024-12-05 14:02:00,71.8896,71.8950,71.7350,71.7699,105477
2024-12-05 14:01:00,71.9100,71.9299,71.8152,71.8800,65397
2024-12-05 14:00:00,71.7724,71.9500,71.7400,71.8976,66040
2024-12-05 13:59:00,71.7999,71.8500,71.7500,71.7700,72315
2024-12-05 13:58:00,71.7250,71.8495,71.7150,71.7900,82663
2024-12-05 13:57:00,71.6200,71.7475,71.6200,71.7217,96347
2024-12-05 13:56:00,71.7501,71.7600,71.6000,71.6200,123665
2024-12-05 13:55:00,71.8550,71.8728,71.6700,71.7600,118008
2024-12-05 13:54:00,71.8001,71.8800,71.7800,71.8502,107912
2024-12-05 13:53:00,71.9100,71.9200,71.8000,71.8000,101160
2024-12-05 13:52:00,71.9118,71.9669,71.9000,71.9100,59177
2024-12-05 13:51:00,71.9900,71.9900,71.8600,71.9188,123238
2024-12-05 13:50:00,72.0400,72.0600,71.9800,71.9999,90682
2024-12-05 13:49:00,72.0800,72.0800,72.0200,72.0350,99151
2024-12-05 13:48:00,72.1310,72.1350,72.0700,72.0700,100516
2024-12-05 13:47:00,72.1552,72.2450,72.1301,72.1350,59614
2024-12-05 13:46:00,72.2047,72.2050,72.1200,72.1600,97314
2024-12-05 13:45:00,72.1970,72.2399,72.1700,72.2000,66256
2024-12-05 13:44:00,72.2482,72.2500,72.1700,72.2057,80271
2024-12-05 13:43:00,72.1522,72.2699,72.1400,72.2485,93041
2024-12-05 13:42:00,72.1775,72.2250,72.1400,72.1519,86148
2024-12-05 13:41:00,72.1550,72.1750,72.1000,72.1700,80966
2024-12-05 13:40:00,72.1400,72.1700,72.1200,72.1499,46560
2024-12-05 13:39:00,72.1550,72.1700,72.1114,72.1500,69618
2024-12-05 13:38:00,72.1016,72.1900,72.0900,72.1500,111950
2024-12-05 13:37:00,72.0400,72.1399,72.0120,72.1050,85391
2024-12-05 13:36:00,72.0850,72.1300,72.0350,72.0600,129261
2024-12-05 13:35:00,71.9874,72.0900,71.9800,72.0824,191223
2024-12-05 13:34:00,71.9150,71.9900,71.9113,71.9899,84555
2024-12-05 13:33:00,71.8088,71.9450,71.7901,71.9127,77060
2024-12-05 13:32:00,71.7750,71.8800,71.7600,71.8000,79245
2024-12-05 13:31:00,71.7800,71.8500,71.7705,71.7718,93823
2024-12-05 13:30:00,71.7600,71.8000,71.7200,71.7850,77055
2024-12-05 13:29:00,71.8121,71.8450,71.7400,71.7600,142058
2024-12-05 13:28:00,71.8200,71.8300,71.7800,71.8180,47403
2024-12-05 13:27:00,71.7800,71.8400,71.7700,71.8200,84218
2024-12-05 13:26:00,71.7000,71.8400,71.6899,71.7800,131172
2024-12-05 13:25:00,71.7400,71.7500,71.6450,71.7001,142921
2024-12-05 13:24:00,71.7850,71.7899,71.7100,71.7500,170987
2024-12-05 13:23:00,71.9150,71.9300,71.7701,71.7812,136300
2024-12-05 13:22:00,72.0400,72.0800,71.9100,71.9200,86775
2024-12-05 13:21:00,72.0601,72.1650,72.0001,72.0400,121644
2024-12-05 13:20:00,72.0100,72.0900,72.0000,72.0650,84537
2024-12-05 13:19:00,72.0400,72.0401,71.9200,72.0150,221122
2024-12-05 13:18:00,72.1700,72.1700,72.0200,72.0400,117449
2024-12-05 13:17:00,72.2218,72.2299,72.1399,72.1700,52490
2024-12-05 13:16:00,72.1600,72.2500,72.1400,72.2250,61661
2024-12-05 13:15:00,72.2200,72.2300,72.1600,72.1601,63294
2024-12-05 13:14:00,72.1550,72.2400,72.1400,72.2250,66278
2024-12-05 13:13:00,72.1550,72.1750,72.1200,72.1500,66389
2024-12-05 13:12:00,72.2200,72.2500,72.1000,72.1499,101296
2024-12-05 13:11:00,72.3100,72.3199,72.2101,72.2101,65340
2024-12-05 13:10:00,72.2834,72.3400,72.2700,72.3148,78003
2024-12-05 13:09:00,72.1961,72.2899,72.1650,72.2800,84866
2024-12-05 13:08:00,72.1800,72.2100,72.1201,72.1837,88580
2024-12-05 13:07:00,72.2600,72.2600,72.1150,72.1700,188316
2024-12-05 13:06:00,72.2600,72.4000,72.2400,72.2650,201035
2024-12-05 13:05:00,72.2850,72.3300,72.2400,72.2601,132367
2024-12-05 13:04:00,72.3850,72.3850,72.2600,72.2801,163951
2024-12-05 13:03:00,72.4501,72.4650,72.3900,72.3900,69897
2024-12-05 13:02:00,72.5362,72.5600,72.4117,72.4500,78763
2024-12-05 13:01:00,72.4019,72.5700,72.3900,72.5350,98675
2024-12-05 13:00:00,72.4853,72.5500,72.4000,72.4050,92337
2024-12-05 12:59:00,72.3900,72.4900,72.3850,72.4850,53999
2024-12-05 12:58:00,72.4699,72.4798,72.3900,72.3900,53087
2024-12-05 12:57:00,72.4400,72.4699,72.4202,72.4600,44399
2024-12-05 12:56:00,72.4301,72.4800,72.4000,72.4500,81306
2024-12-05 12:55:00,72.4374,72.4900,72.4200,72.4400,58246
2024-12-05 12:54:00,72.4002,72.4600,72.3700,72.4316,123522
2024-12-05 12:53:00,72.4600,72.4650,72.4000,72.4000,75021
2024-12-05 12:52:00,72.4600,72.4900,72.4301,72.4600,76956
2024-12-05 12:51:00,72.5200,72.5400,72.4200,72.4600,71302
2024-12-05 12:50:00,72.5600,72.6300,72.5200,72.5300,96534
2024-12-05 12:49:00,72.5206,72.5750,72.4700,72.5700,63725
2024-12-05 12:48:00,72.5783,72.5900,72.4500,72.5400,87886
2024-12-05 12:47:00,72.5324,72.5996,72.4950,72.5700,73880
2024-12-05 12:46:00,72.4000,72.5400,72.4000,72.5300,145713
2024-12-05 12:45:00,72.4400,72.4500,72.3700,72.3950,117484
2024-12-05 12:44:00,72.5400,72.5500,72.4200,72.4300,174934
2024-12-05 12:43:00,72.6850,72.6868,72.5201,72.5600,117744
2024-12-05 12:42:00,72.6600,72.6900,72.6300,72.6850,73643
2024-12-05 12:41:00,72.7700,72.8100,72.6500,72.6700,126006
2024-12-05 12:40:00,72.7800,72.7900,72.7000,72.7700,90796
2024-12-05 12:39:00,72.6850,72.8200,72.6800,72.7800,153100
2024-12-05 12:38:00,72.6700,72.7000,72.6000,72.6900,103892
2024-12-05 12:37:00,72.6300,72.6900,72.6000,72.6700,130164
2024-12-05 12:36:00,72.5450,72.6599,72.5400,72.6300,126632
2024-12-05 12:35:00,72.5150,72.5956,72.5000,72.5400,68627
2024-12-05 12:34:00,72.4991,72.6000,72.4700,72.5198,118707
2024-12-05 12:33:00,72.4950,72.5500,72.4700,72.4900,81216
2024-12-05 12:32:00,72.5500,72.5500,72.4700,72.4950,78140
2024-12-05 12:31:00,72.5601,72.6200,72.4700,72.5415,115491
2024-12-05 12:30:00,72.6054,72.6300,72.5500,72.5601,81893
2024-12-05 12:29:00,72.6200,72.6200,72.5700,72.6100,67481
2024-12-05 12:28:00,72.5800,72.6700,72.5200,72.6299,112983
2024-12-05 12:27:00,72.5050,72.6100,72.5001,72.5799,129773
2024-12-05 12:26:00,72.4650,72.5100,72.4400,72.5089,119583
2024-12-05 12:25:00,72.6050,72.6200,72.4200,72.4601,163322
2024-12-05 12:24:00,72.6100,72.6500,72.6000,72.6100,80789
2024-12-05 12:23:00,72.5900,72.6100,72.5100,72.6075,146256
2024-12-05 12:22:00,72.8300,72.8600,72.5500,72.6002,181229
2024-12-05 12:21:00,72.7001,72.9200,72.6946,72.8288,132994
2024-12-05 12:20:00,72.8400,72.8450,72.6800,72.7017,198033
2024-12-05 12:19:00,72.7261,72.8300,72.7100,72.8300,119154
2024-12-05 12:18:00,72.7000,72.7495,72.6500,72.7350,149607
2024-12-05 12:17:00,72.8501,72.8600,72.0000,72.7199,169636
2024-12-05 12:16:00,72.8200,72.9000,72.7850,72.8400,122234
2024-12-05 12:15:00,72.8882,72.9400,72.0000,72.8157,121477
2024-12-05 12:14:00,72.8021,72.8900,72.7300,72.8850,256567
2024-12-05 12:13:00,72.8901,72.9000,72.7600,72.8019,203288
2024-12-05 12:12:00,72.9103,72.9800,72.8600,72.8999,263160
2024-12-05 12:11:00,72.8600,72.9400,72.7850,72.9126,284957
2024-12-05 12:10:00,72.8499,72.9500,72.8300,72.8527,409174
2024-12-05 12:09:00,72.7241,72.8800,72.7100,72.8450,398455
2024-12-05 12:08:00,72.5910,72.7300,72.5801,72.7299,281743
2024-12-05 12:07:00,72.5600,72.6000,72.5101,72.5999,153311
2024-12-05 12:06:00,72.4700,72.5700,72.4500,72.5580,169250
2024-12-05 12:05:00,72.4400,72.5300,72.4300,72.4660,158193
2024-12-05 12:04:00,72.4599,72.5500,72.4300,72.4400,321620
2024-12-05 12:03:00,72.4400,72.4700,72.4100,72.4500,216703
2024-12-05 12:02:00,72.3300,72.4600,72.3300,72.4560,308928
2024-12-05 12:01:00,72.2400,72.3500,72.2300,72.3300,343873
2024-12-05 12:00:00,72.1800,72.2350,72.1400,72.2300,215519
2024-12-05 11:59:00,72.1281,72.2400,72.1201,72.1600,333084
2024-12-05 11:58:00,72.0300,72.1300,72.0297,72.1203,329808
2024-12-05 11:57:00,72.0498,72.0500,71.9750,72.0227,136693
2024-12-05 11:56:00,71.9900,72.0500,71.9700,72.0500,135108
2024-12-05 11:55:00,71.9650,72.0050,71.9650,71.9902,73609
2024-12-05 11:54:00,71.9400,71.9800,71.9100,71.9688,62516
2024-12-05 11:53:00,71.9500,72.0000,71.9201,71.9499,69868
2024-12-05 11:52:00,71.9650,72.0000,71.9400,71.9450,58589
2024-12-05 11:51:00,71.9400,72.0000,71.9300,71.9658,98148
2024-12-05 11:50:00,71.9200,71.9700,71.9100,71.9391,68662
2024-12-05 11:49:00,71.8875,71.9400,71.8700,71.9200,69582
2024-12-05 11:48:00,71.8600,71.9100,71.8500,71.8853,59847
2024-12-05 11:47:00,71.9310,71.9400,71.8550,71.8600,94241
2024-12-05 11:46:00,71.9400,71.9700,71.9100,71.9379,50968
2024-12-05 11:45:00,71.8999,71.9800,71.8300,71.9499,116224
2024-12-05 11:44:00,71.9305,72.0700,71.8800,71.8950,316602
2024-12-05 11:43:00,71.9350,71.9700,71.8805,71.9324,99405
2024-12-05 11:42:00,71.9500,71.9900,71.9100,71.9350,83681
2024-12-05 11:41:00,71.9300,71.9900,71.9300,71.9599,107245
2024-12-05 11:40:00,71.9000,71.9600,71.9000,71.9250,105193
2024-12-05 11:39:00,71.8900,71.9600,71.8900,71.9050,130236
2024-12-05 11:38:00,71.7900,71.9000,71.7701,71.8850,75820
2024-12-05 11:37:00,71.7399,71.8000,71.6800,71.7901,55376
2024-12-05 11:36:00,71.8195,71.8600,71.7300,71.7300,83534
2024-12-05 11:35:00,71.7101,71.8200,71.7101,71.8200,71592
2024-12-05 11:34:00,71.8200,71.8499,71.6600,71.7264,106962
2024-12-05 11:33:00,71.8036,71.8400,71.7900,71.8300,77581
2024-12-05 11:32:00,71.6000,71.8400,71.5900,71.8000,110433
2024-12-05 11:31:00,71.6300,71.6300,71.5700,71.6100,76955
2024-12-05 11:30:00,71.6250,71.6500,71.5620,71.6300,66882
2024-12-05 11:29:00,71.6650,71.6865,71.6001,71.6300,142549
2024-12-05 11:28:00,71.8000,71.8100,71.6600,71.6699,99213
2024-12-05 11:27:00,71.7101,71.8100,71.7000,71.7922,73765
2024-12-05 11:26:00,71.7200,71.7500,71.6800,71.7183,129637
2024-12-05 11:25:00,71.8300,71.8399,71.7100,71.7278,135436
2024-12-05 11:24:00,71.9174,71.9290,71.8000,71.8400,147674
2024-12-05 11:23:00,71.9999,71.9999,71.8750,71.9152,107632
2024-12-05 11:22:00,71.9850,72.0100,71.8850,71.9999,179958
2024-12-05 11:21:00,71.9599,72.0200,71.9300,71.9800,428507
2024-12-05 11:20:00,71.9299,71.9600,71.8550,71.9574,165325
2024-12-05 11:19:00,71.8400,71.9400,71.8400,71.9214,208895
2024-12-05 11:18:00,71.7400,71.8550,71.7100,71.8400,129974
2024-12-05 11:17:00,71.7800,71.8400,71.7200,71.7400,180713
2024-12-05 11:16:00,71.6300,71.7800,71.6100,71.7752,175671
2024-12-05 11:15:00,71.5624,71.6400,71.5500,71.6399,101461
2024-12-05 11:14:00,71.5600,71.5899,71.4986,71.5624,46865
2024-12-05 11:13:00,71.5550,71.5600,71.4700,71.5550,78481
2024-12-05 11:12:00,71.4800,71.5500,71.4800,71.5500,90897
2024-12-05 11:11:00,71.3547,71.4902,71.3400,71.4600,77482
2024-12-05 11:10:00,71.3850,71.4300,71.2900,71.3501,66045
2024-12-05 11:09:00,71.4400,71.4800,71.3570,71.3800,76798
2024-12-05 11:08:00,71.4500,71.4550,71.2900,71.4500,133012
2024-12-05 11:07:00,71.5300,71.5400,71.4450,71.4450,112952
2024-12-05 11:06:00,71.5536,71.5800,71.4300,71.5200,73863
2024-12-05 11:05:00,71.5900,71.6050,71.5400,71.5500,52051
2024-12-05 11:04:00,71.4391,71.6600,71.4391,71.5961,134887
2024-12-05 11:03:00,71.5750,71.5900,71.4100,71.4310,113357
2024-12-05 11:02:00,71.5620,71.5900,71.5101,71.5750,84994
2024-12-05 11:01:00,71.4691,71.5999,71.4400,71.5650,165596
2024-12-05 11:00:00,71.3400,71.4767,71.3267,71.4660,97541
2024-12-05 10:59:00,71.3000,71.3900,71.2950,71.3350,48561
2024-12-05 10:58:00,71.3701,71.4000,71.2800,71.3300,78172
2024-12-05 10:57:00,71.2710,71.3818,71.2600,71.3750,82109
2024-12-05 10:56:00,71.4599,71.4738,71.2600,71.2600,120342
2024-12-05 10:55:00,71.4900,71.5000,71.4201,71.4500,108843
2024-12-05 10:54:00,71.2901,71.4850,71.2600,71.4800,167763
2024-12-05 10:53:00,71.3082,71.3299,71.2100,71.3100,118338
2024-12-05 10:52:00,71.2600,71.3400,71.1920,71.3003,85384
2024-12-05 10:51:00,71.1700,71.3200,71.1550,71.2650,144290
2024-12-05 10:50:00,71.4300,71.5150,71.1600,71.1700,192533
2024-12-05 10:49:00,71.5700,71.6099,71.3400,71.4250,142638
2024-12-05 10:48:00,71.5600,71.6400,71.5000,71.5776,126196
2024-12-05 10:47:00,71.6150,71.7000,71.5300,71.5681,202317
2024-12-05 10:46:00,71.6850,71.7300,71.6000,71.6199,149580
2024-12-05 10:45:00,71.5200,71.6900,71.5100,71.6900,194983
2024-12-05 10:44:00,71.3148,71.5600,71.3148,71.5394,179766
2024-12-05 10:43:00,71.4100,71.4100,71.2900,71.3200,105199
2024-12-05 10:42:00,71.2900,71.4100,71.2700,71.4100,116121
2024-12-05 10:41:00,71.3848,71.3872,71.2100,71.2798,106902
2024-12-05 10:40:00,71.1300,71.3900,71.1300,71.3800,203273
2024-12-05 10:39:00,71.3388,71.3800,71.1000,71.1100,186164
2024-12-05 10:38:00,71.2900,71.3377,71.2001,71.3350,126811
2024-12-05 10:37:00,71.3250,71.3800,71.1900,71.2950,146101
2024-12-05 10:36:00,71.3400,71.4599,71.2800,71.3200,131870
2024-12-05 10:35:00,71.4000,71.4200,71.3000,71.3200,126395
2024-12-05 10:34:00,71.3600,71.4500,71.3499,71.4000,136305
2024-12-05 10:33:00,71.3300,71.4497,71.3100,71.3700,120591
2024-12-05 10:32:00,71.4900,71.4900,71.2700,71.3275,193513
2024-12-05 10:31:00,71.5900,71.5900,71.3400,71.4701,143270
2024-12-05 10:30:00,71.6463,71.7300,71.4800,71.5800,199438
2024-12-05 10:29:00,71.5490,71.6800,71.4700,71.6500,133868
2024-12-05 10:28:00,71.5200,71.5900,71.4200,71.5500,199754
2024-12-05 10:27:00,71.5700,71.6900,71.5100,71.5300,121608
2024-12-05 10:26:00,71.7299,71.7600,71.5200,71.5600,190236
2024-12-05 10:25:00,71.5640,71.7800,71.5450,71.7200,196613
2024-12-05 10:24:00,71.5200,71.5800,71.4500,71.5700,165520
2024-12-05 10:23:00,71.5700,71.6100,71.4400,71.5299,274123
2024-12-05 10:22:00,71.6400,71.6700,71.5100,71.6000,250575
2024-12-05 10:21:00,71.7350,71.8000,71.6130,71.6479,176674
2024-12-05 10:20:00,71.7200,71.8900,71.7100,71.7400,225211
2024-12-05 10:19:00,71.7581,71.8600,71.7100,71.7100,263229
2024-12-05 10:18:00,71.8500,71.9000,71.7400,71.7600,211985
2024-12-05 10:17:00,71.7400,71.8500,71.7201,71.8400,287735
2024-12-05 10:16:00,71.7431,71.7800,71.6755,71.7400,235864
2024-12-05 10:15:00,71.8900,71.9600,71.7300,71.7500,285616
2024-12-05 10:14:00,71.8600,72.0150,71.8400,71.8900,477973
2024-12-05 10:13:00,71.9050,71.9900,71.7100,71.8550,312471
2024-12-05 10:12:00,71.5818,71.9200,71.5520,71.9050,343702
2024-12-05 10:11:00,71.8930,71.9200,71.5850,71.5850,412082
2024-12-05 10:10:00,71.9759,71.9950,71.8500,71.8900,446082
2024-12-05 10:09:00,71.8500,72.0500,71.8500,71.9600,885154
2024-12-05 10:08:00,71.7023,71.8800,71.6900,71.8445,503843
2024-12-05 10:07:00,71.5578,71.7500,71.5000,71.7089,302981
2024-12-05 10:06:00,71.5352,71.6200,71.4750,71.5550,259194
2024-12-05 10:05:00,71.3700,71.5500,71.3300,71.5300,234673
2024-12-05 10:04:00,71.4332,71.4800,71.3400,71.3700,226032
2024-12-05 10:03:00,71.4152,71.5572,71.3700,71.4300,382372
2024-12-05 10:02:00,71.3685,71.4500,71.3300,71.4218,279948
2024-12-05 10:01:00,71.2000,71.4050,71.1900,71.3740,276356
2024-12-05 10:00:00,71.0100,71.3900,71.0100,71.1950,467085
2024-12-05 09:59:00,70.9600,71.1700,70.8901,71.0000,295508
2024-12-05 09:58:00,70.9900,71.0300,70.9000,70.9316,242845
2024-12-05 09:57:00,70.9500,71.0800,70.9100,71.0000,253807
2024-12-05 09:56:00,70.8500,71.0500,70.7700,70.9695,437985
2024-12-05 09:55:00,70.7600,70.9400,70.6500,70.8450,279080
2024-12-05 09:54:00,70.7699,70.8100,70.6500,70.7650,194518
2024-12-05 09:53:00,70.7800,70.8600,70.5900,70.7800,285504
2024-12-05 09:52:00,70.7900,71.0000,70.7250,70.7800,287878
2024-12-05 09:51:00,70.7873,70.9900,70.7700,70.7700,310735
2024-12-05 09:50:00,70.6399,70.8000,70.5500,70.7850,320045
2024-12-05 09:49:00,70.3700,70.7200,70.3100,70.6300,406430
2024-12-05 09:48:00,70.4499,70.4499,70.2600,70.3506,271206
2024-12-05 09:47:00,70.1550,70.4900,70.0700,70.4400,302388
2024-12-05 09:46:00,70.1650,70.2500,69.8900,70.1650,369272
2024-12-05 09:45:00,70.2000,70.2599,70.0600,70.1600,259037
2024-12-05 09:44:00,70.1600,70.3100,70.0200,70.1900,312890
2024-12-05 09:43:00,70.1331,70.2500,69.9500,70.1599,481702
2024-12-05 09:42:00,70.3200,70.4300,70.1200,70.1400,338168
2024-12-05 09:41:00,70.5500,70.5600,70.2814,70.3001,429295
2024-12-05 09:40:00,70.7100,70.8500,70.5016,70.5500,419952
2024-12-05 09:39:00,71.0150,71.1299,70.6200,70.7099,520427
2024-12-05 09:38:00,71.1350,71.1400,70.8200,71.0200,516903
2024-12-05 09:37:00,71.6350,71.6800,71.1301,71.1350,660497
2024-12-05 09:36:00,71.5200,71.8100,71.4750,71.6454,812284
2024-12-05 09:35:00,71.1401,71.5300,71.1200,71.5186,649196
2024-12-05 09:34:00,71.0000,71.1800,70.8700,71.1599,586401
2024-12-05 09:33:00,71.0500,71.0700,70.8000,70.9700,473369
2024-12-05 09:32:00,70.9600,71.1000,70.7400,71.0457,733523
2024-12-05 09:31:00,70.2140,70.9800,70.1300,70.9550,728079
2024-12-05 09:30:00,70.1100,70.2600,69.8900,70.2248,1256471
2024-12-05 09:29:00,70.0760,70.1500,70.0100,70.1500,11881
2024-12-05 09:28:00,70.0800,70.1000,70.0100,70.0200,16345
2024-12-05 09:27:00,70.0700,70.1400,70.0400,70.0500,12532
2024-12-05 09:26:00,70.1400,70.1500,70.0600,70.0700,12750
2024-12-05 09:25:00,70.1600,70.2100,70.1400,70.1490,8857
2024-12-05 09:24:00,70.2000,71.1150,70.1500,70.1500,3984
2024-12-05 09:23:00,70.1703,70.2000,70.1700,70.1900,2331
2024-12-05 09:22:00,70.1800,70.7600,66.4450,70.1799,2845
2024-12-05 09:21:00,70.1700,70.2000,70.1500,70.2000,2975
2024-12-05 09:20:00,70.2199,70.2200,70.1100,70.1560,8775
2024-12-05 09:19:00,70.2500,70.2700,70.2100,70.2100,3900
2024-12-05 09:18:00,70.2600,70.3000,70.2501,70.2600,2931
2024-12-05 09:17:00,70.2500,70.2800,70.2200,70.2800,2355
2024-12-05 09:16:00,70.2550,70.2700,70.2200,70.2400,3642
2024-12-05 09:15:00,70.3000,70.3100,70.2401,70.2550,4171
2024-12-05 09:14:00,70.3240,70.3300,69.8500,70.2900,326111
2024-12-05 09:13:00,70.2800,70.3300,70.2500,70.3050,5825
2024-12-05 09:12:00,70.2400,70.3483,70.2000,70.2800,4395
2024-12-05 09:11:00,70.2506,70.2800,70.2000,70.2200,1824
2024-12-05 09:10:00,70.3500,70.3500,70.2300,70.2500,6503
2024-12-05 09:09:00,70.2900,70.3500,70.2864,70.3491,3977
2024-12-05 09:08:00,70.2264,70.3000,70.2264,70.2864,5844
2024-12-05 09:07:00,70.2090,70.2400,70.1900,70.2000,3824
2024-12-05 09:06:00,70.1588,70.2100,70.1300,70.2000,11118
2024-12-05 09:05:00,70.2000,70.2000,70.1500,70.1550,11225
2024-12-05 09:04:00,70.1800,70.2000,70.1800,70.1900,2159
2024-12-05 09:03:00,70.1800,70.1900,70.1500,70.1700,6113
2024-12-05 09:02:00,70.1600,70.1800,70.1500,70.1700,3678
2024-12-05 09:01:00,70.1900,70.2000,70.1500,70.1501,4645
2024-12-05 09:00:00,70.2100,70.2100,70.1800,70.1800,5057
2024-12-05 08:59:00,70.1900,70.2100,70.1800,70.2100,3925
2024-12-05 08:58:00,70.1800,70.2100,70.1736,70.1824,4135
2024-12-05 08:57:00,70.2100,70.2100,70.1805,70.2100,3269
2024-12-05 08:56:00,70.2000,70.2100,70.1600,70.2100,8685
2024-12-05 08:55:00,70.1913,70.2100,70.1700,70.2000,5209
2024-12-05 08:54:00,70.1600,70.2100,70.1600,70.2000,13030
2024-12-05 08:53:00,70.1324,70.1600,70.1300,70.1600,4165
2024-12-05 08:52:00,70.1500,70.1600,70.1200,70.1300,5678
2024-12-05 08:51:00,70.1124,70.1500,70.1100,70.1500,12012
2024-12-05 08:50:00,70.2100,70.2100,70.1100,70.1300,18310
2024-12-05 08:49:00,70.2100,70.2400,70.2000,70.2000,4284
2024-12-05 08:48:00,70.2100,70.2100,70.1600,70.2000,16493
2024-12-05 08:47:00,70.2500,70.2500,70.2000,70.2100,6057
2024-12-05 08:46:00,70.2200,70.2600,70.2200,70.2450,7663
2024-12-05 08:45:00,70.2100,70.2600,70.1700,70.2600,7092
2024-12-05 08:44:00,70.2610,70.2700,70.2000,70.2000,24544
2024-12-05 08:43:00,70.2700,70.3000,70.2600,70.2700,10333
2024-12-05 08:42:00,70.3200,70.3400,70.2500,70.2700,10170
2024-12-05 08:41:00,70.3200,70.3300,70.3000,70.3000,7831
2024-12-05 08:40:00,70.3200,70.3300,70.3010,70.3199,2010
2024-12-05 08:39:00,70.3300,70.3500,70.3100,70.3288,2647
2024-12-05 08:38:00,70.2764,70.3200,70.2700,70.3200,4321
2024-12-05 08:37:00,70.3300,70.3300,70.2500,70.2800,6986
2024-12-05 08:36:00,70.4224,70.4224,70.3100,70.3100,11941
2024-12-05 08:35:00,70.4500,70.4500,70.4200,70.4200,4678
2024-12-05 08:34:00,70.4600,70.4600,70.4300,70.4500,4955
2024-12-05 08:33:00,70.4450,70.4600,70.4400,70.4500,23470
2024-12-05 08:32:00,70.4302,70.4500,70.4300,70.4500,5344
2024-12-05 08:31:00,70.4050,70.4400,70.4000,70.4400,2618
2024-12-05 08:30:00,70.4000,70.4300,70.3800,70.4100,3031
2024-12-05 08:29:00,70.4400,70.4600,70.3900,70.4000,3891
2024-12-05 08:28:00,70.4300,70.4500,70.4200,70.4500,5892
2024-12-05 08:27:00,70.3815,70.4300,70.3800,70.4300,3429
2024-12-05 08:26:00,70.3800,70.4000,70.3700,70.3976,2470
2024-12-05 08:25:00,70.3600,70.3900,70.3406,70.3800,8876
2024-12-05 08:24:00,70.4199,70.4200,70.3599,70.3600,11625
2024-12-05 08:23:00,70.4200,70.4300,70.4000,70.4024,4219
2024-12-05 08:22:00,70.4401,70.4700,70.4300,70.4300,7185
2024-12-05 08:21:00,70.4700,70.4700,70.4400,70.4450,10861
2024-12-05 08:20:00,70.4500,70.4776,70.4400,70.4500,4860
2024-12-05 08:19:00,70.4100,70.4600,70.4000,70.4500,12895
2024-12-05 08:18:00,70.4000,70.4200,70.3601,70.4000,5734
2024-12-05 08:17:00,70.3800,70.4200,70.3800,70.3800,5071
2024-12-05 08:16:00,70.3712,70.4000,70.3700,70.3800,9752
2024-12-05 08:15:00,70.4200,70.4200,70.3600,70.3750,6275
2024-12-05 08:14:00,70.4300,70.4400,70.4007,70.4150,3165
2024-12-05 08:13:00,70.4300,70.4400,70.4100,70.4400,8235
2024-12-05 08:12:00,70.4000,70.4400,70.3700,70.4200,8372
2024-12-05 08:11:00,70.4300,70.4400,70.3700,70.3900,9058
2024-12-05 08:10:00,70.4200,70.4300,70.3800,70.4300,8065
2024-12-05 08:09:00,70.4150,70.4300,70.3900,70.3900,9386
2024-12-05 08:08:00,70.3500,70.4400,70.3500,70.4200,15316
2024-12-05 08:07:00,70.2750,70.3900,70.2750,70.3700,14208
2024-12-05 08:06:00,70.3200,70.3300,70.2600,70.2600,8339
2024-12-05 08:05:00,70.3200,70.3400,70.3000,70.3300,9207
2024-12-05 08:04:00,70.3900,70.3900,70.3200,70.3400,9153
2024-12-05 08:03:00,70.2400,70.3893,70.2400,70.3800,14761
2024-12-05 08:02:00,70.2512,70.2600,69.8500,70.2400,13865
2024-12-05 08:01:00,70.3200,70.3750,69.3700,70.2600,5888
2024-12-05 08:00:00,69.9700,70.4000,69.3600,70.3200,296898
2024-12-05 07:59:00,70.3800,70.4000,70.3500,70.3700,14112
2024-12-05 07:58:00,70.3900,70.3900,70.3400,70.3700,5921
2024-12-05 07:57:00,70.2900,70.3900,70.2900,70.3900,12787
2024-12-05 07:56:00,70.2700,70.2900,70.2600,70.2800,2118
2024-12-05 07:55:00,70.2500,70.2800,70.2500,70.2700,988
2024-12-05 07:54:00,70.2200,70.2500,70.1900,70.2500,1040
2024-12-05 07:53:00,70.2300,70.2800,70.2100,70.2200,1353
2024-12-05 07:52:00,70.2500,70.2800,70.2200,70.2200,1161
2024-12-05 07:51:00,70.2400,70.2800,70.2300,70.2800,3675
2024-12-05 07:50:00,70.2000,70.2500,70.2000,70.2500,1907
2024-12-05 07:49:00,70.2000,70.2100,70.1700,70.1900,1995
2024-12-05 07:48:00,70.1700,70.2000,70.1600,70.2000,1963
2024-12-05 07:47:00,70.1900,70.1900,70.1600,70.1700,319
2024-12-05 07:46:00,70.1900,70.2000,70.1700,70.1900,1883
2024-12-05 07:45:00,70.2200,70.2200,70.1700,70.1700,4756
2024-12-05 07:44:00,70.2500,70.2500,70.2200,70.2200,866
2024-12-05 07:43:00,70.2800,70.2800,70.2300,70.2400,3476
2024-12-05 07:42:00,70.2500,70.2800,70.2400,70.2500,583
2024-12-05 07:41:00,70.2490,70.2500,70.2300,70.2500,1598
2024-12-05 07:40:00,70.2500,70.2500,70.2300,70.2300,353
2024-12-05 07:39:00,70.2400,70.2500,70.2200,70.2500,3142
2024-12-05 07:38:00,70.2200,70.2400,70.2200,70.2400,2712
2024-12-05 07:37:00,70.2500,70.2700,70.2000,70.2200,3462
2024-12-05 07:36:00,70.3000,70.3200,70.2300,70.2500,5836
2024-12-05 07:35:00,70.2300,70.3100,70.2300,70.3000,10304
2024-12-05 07:34:00,70.1900,70.2500,70.1800,70.2300,4850
2024-12-05 07:33:00,70.1800,70.1900,70.1700,70.1900,7543
2024-12-05 07:32:00,70.1500,70.1800,70.1300,70.1700,5184
2024-12-05 07:31:00,70.1400,70.1600,70.1300,70.1300,760
2024-12-05 07:30:00,70.1290,70.1300,70.0900,70.1300,2689
2024-12-05 07:29:00,70.0900,70.1300,70.0800,70.1300,2830
2024-12-05 07:28:00,70.1300,70.1300,70.0800,70.0800,5802
2024-12-05 07:27:00,70.1500,70.1600,70.1200,70.1300,1257
2024-12-05 07:26:00,70.1500,70.1500,70.1200,70.1500,1108
2024-12-05 07:25:00,70.1300,70.1500,70.1200,70.1500,2448
2024-12-05 07:24:00,70.1100,70.1300,70.1000,70.1300,764
2024-12-05 07:23:00,70.1000,70.1200,70.1000,70.1200,1244
2024-12-05 07:22:00,70.1100,70.1100,70.1000,70.1000,211
2024-12-05 07:21:00,70.1100,70.1200,70.0900,70.1100,2304
2024-12-05 07:20:00,70.1000,70.1200,70.1000,70.1150,338
2024-12-05 07:19:00,70.1300,70.1300,70.1000,70.1100,2585
2024-12-05 07:18:00,70.1500,70.1600,70.1300,70.1500,2501
2024-12-05 07:17:00,70.1600,70.1700,70.1600,70.1700,507
2024-12-05 07:16:00,70.1400,70.1600,70.1400,70.1600,3482
2024-12-05 07:15:00,70.1200,70.1400,70.1200,70.1300,5363
2024-12-05 07:14:00,70.1300,70.1300,70.1100,70.1300,1137
2024-12-05 07:13:00,70.1400,70.1400,70.1000,70.1300,1355
2024-12-05 07:12:00,70.0900,70.1500,70.0800,70.1100,4452
2024-12-05 07:11:00,70.0700,70.1000,70.0600,70.0600,1163
2024-12-05 07:10:00,70.0000,70.0800,69.9900,70.0800,6493
2024-12-05 07:09:00,70.0000,70.0100,69.9700,69.9900,729
2024-12-05 07:08:00,69.9400,70.0300,69.9200,70.0000,9313
2024-12-05 07:07:00,69.9700,69.9700,69.9300,69.9400,971
2024-12-05 07:06:00,69.9300,69.9500,69.9200,69.9500,1122
2024-12-05 07:05:00,69.9000,69.9500,69.8800,69.9500,2918
2024-12-05 07:04:00,69.9200,69.9300,69.9000,69.9000,1832
2024-12-05 07:03:00,69.8800,69.9400,69.8800,69.9200,2729
2024-12-05 07:02:00,69.9500,69.9500,69.8800,69.9200,6116
2024-12-05 07:01:00,69.9400,69.9700,69.9200,69.9500,736
2024-12-05 07:00:00,70.0000,70.0000,69.9100,69.9200,16170
2024-12-05 06:59:00,69.9900,70.0000,69.9700,70.0000,442
2024-12-05 06:58:00,69.9900,70.0000,69.9700,70.0000,783
2024-12-05 06:57:00,69.9900,69.9900,69.9600,69.9900,69
2024-12-05 06:56:00,69.9800,69.9900,69.9500,69.9900,2074
2024-12-05 06:55:00,69.9800,69.9900,69.9800,69.9900,231
2024-12-05 06:54:00,69.9700,69.9900,69.9600,69.9900,733
2024-12-05 06:53:00,69.9500,69.9600,69.9500,69.9600,993
2024-12-05 06:52:00,69.9600,69.9700,69.9400,69.9400,3214
2024-12-05 06:51:00,69.9700,69.9700,69.9400,69.9500,231
2024-12-05 06:50:00,69.9400,69.9700,69.9400,69.9500,246
2024-12-05 06:49:00,69.9600,69.9700,69.9300,69.9300,181
2024-12-05 06:48:00,69.9600,70.0100,69.9200,69.9600,7157
2024-12-05 06:47:00,70.0400,70.0400,69.9500,69.9600,4497
2024-12-05 06:46:00,70.0400,70.0500,70.0300,70.0500,1154
2024-12-05 06:45:00,70.0400,70.0600,70.0300,70.0400,1422
2024-12-05 06:44:00,70.0400,70.0500,70.0300,70.0300,383
2024-12-05 06:43:00,70.0500,70.0500,70.0300,70.0500,748
2024-12-05 06:42:00,70.0500,70.0500,70.0400,70.0500,718
2024-12-05 06:41:00,70.0500,70.0500,70.0300,70.0500,400
2024-12-05 06:40:00,70.0400,70.0500,70.0400,70.0500,89
2024-12-05 06:39:00,70.0600,70.0600,70.0300,70.0300,4897
2024-12-05 06:38:00,70.0600,70.0600,70.0400,70.0600,791
2024-12-05 06:37:00,70.0600,70.0600,70.0400,70.0600,467
2024-12-05 06:36:00,70.0400,70.0600,70.0400,70.0600,111
2024-12-05 06:35:00,70.0200,70.0500,70.0200,70.0500,4533
2024-12-05 06:34:00,69.9900,70.0200,69.9700,70.0100,3264
2024-12-05 06:33:00,69.9600,69.9900,69.9600,69.9900,3085
2024-12-05 06:32:00,69.9600,69.9600,69.9500,69.9500,328
2024-12-05 06:31:00,69.9700,69.9700,69.9500,69.9500,442
2024-12-05 06:30:00,69.9600,69.9700,69.9500,69.9700,236
2024-12-05 06:29:00,69.9700,69.9700,69.9600,69.9700,224
2024-12-05 06:28:00,69.9600,69.9700,69.9400,69.9700,4709
2024-12-05 06:27:00,69.9500,69.9700,69.9500,69.9700,309
2024-12-05 06:26:00,69.9700,69.9700,69.9400,69.9400,109
2024-12-05 06:25:00,69.9400,69.9700,69.9400,69.9700,838
2024-12-05 06:24:00,69.9300,69.9400,69.9200,69.9400,562
2024-12-05 06:23:00,69.9200,69.9300,69.9200,69.9300,185
2024-12-05 06:22:00,69.9300,69.9300,69.9300,69.9300,21
2024-12-05 06:21:00,69.9200,69.9300,69.9100,69.9200,987
2024-12-05 06:20:00,69.9300,69.9300,69.9200,69.9200,676
2024-12-05 06:19:00,69.9200,69.9300,69.9100,69.9300,324
2024-12-05 06:18:00,69.9300,69.9300,69.9100,69.9200,445
2024-12-05 06:17:00,69.9100,69.9500,69.9100,69.9300,234
2024-12-05 06:16:00,69.9500,69.9500,69.9100,69.9100,860
2024-12-05 06:15:00,69.9700,69.9900,69.9400,69.9500,808
2024-12-05 06:14:00,69.9800,69.9800,69.9600,69.9700,34
2024-12-05 06:13:00,69.9900,69.9900,69.9600,69.9800,350
2024-12-05 06:12:00,69.9900,70.0100,69.9600,69.9800,1660
2024-12-05 06:11:00,70.0300,70.0300,69.9900,69.9900,2444
2024-12-05 06:10:00,70.0500,70.0600,70.0100,70.0300,5618
2024-12-05 06:09:00,70.0500,70.0500,70.0400,70.0500,226
2024-12-05 06:08:00,70.0500,70.0600,70.0400,70.0500,516
2024-12-05 06:07:00,70.0500,70.0700,70.0400,70.0700,1375
2024-12-05 06:06:00,70.0700,70.0700,70.0500,70.0500,1476
2024-12-05 06:05:00,70.0700,70.0700,70.0600,70.0600,243
2024-12-05 06:04:00,70.0600,70.0700,70.0600,70.0700,320
2024-12-05 06:03:00,70.0600,70.0700,70.0500,70.0700,158
2024-12-05 06:02:00,70.0600,70.0600,70.0500,70.0500,303
2024-12-05 06:01:00,70.0400,70.0700,70.0400,70.0700,1361
2024-12-05 06:00:00,70.0200,70.0500,70.0200,70.0500,432
2024-12-05 05:59:00,70.0500,70.0500,70.0300,70.0300,394
2024-12-05 05:58:00,70.0600,70.0600,70.0500,70.0500,489
2024-12-05 05:57:00,70.0500,70.0600,70.0400,70.0600,384
2024-12-05 05:56:00,70.0500,70.0500,70.0400,70.0500,270
2024-12-05 05:55:00,70.0400,70.0700,70.0200,70.0500,8409
2024-12-05 05:54:00,70.0400,70.0500,70.0300,70.0500,394
2024-12-05 05:53:00,70.0400,70.0600,70.0400,70.0400,395
2024-12-05 05:52:00,70.0400,70.0600,70.0200,70.0400,587
2024-12-05 05:51:00,70.0400,70.0600,70.0200,70.0400,253
2024-12-05 05:50:00,70.0700,70.0800,70.0100,70.0400,1077
2024-12-05 05:49:00,70.1000,70.1300,70.0700,70.0700,2341
2024-12-05 05:48:00,70.0900,70.1000,70.0600,70.0900,112
2024-12-05 05:47:00,70.0900,70.1000,70.0600,70.0700,482
2024-12-05 05:46:00,70.0800,70.1000,70.0800,70.0900,1257
2024-12-05 05:45:00,70.0800,70.0800,70.0500,70.0800,485
2024-12-05 05:44:00,70.0700,70.0800,70.0500,70.0800,364
2024-12-05 05:43:00,70.0700,70.0700,70.0200,70.0200,661
2024-12-05 05:42:00,70.0700,70.0700,70.0300,70.0300,671
2024-12-05 05:41:00,70.0300,70.0700,70.0300,70.0700,3242
2024-12-05 05:40:00,70.0200,70.0300,69.9700,70.0300,9948
2024-12-05 05:39:00,70.0900,70.1000,70.0200,70.0200,3470
2024-12-05 05:38:00,70.1000,70.1000,70.0800,70.0900,144
2024-12-05 05:37:00,70.1100,70.1300,70.0900,70.0900,2017
2024-12-05 05:36:00,70.1300,70.1400,70.1000,70.1300,1571
2024-12-05 05:35:00,70.1400,70.1500,70.1200,70.1200,1063
2024-12-05 05:34:00,70.1400,70.1400,70.1300,70.1400,135
2024-12-05 05:33:00,70.1500,70.1500,70.1300,70.1400,70
2024-12-05 05:32:00,70.1500,70.1500,70.1300,70.1300,136
2024-12-05 05:31:00,70.1200,70.1500,70.1100,70.1500,493
2024-12-05 05:30:00,70.1100,70.1400,70.1100,70.1400,478
2024-12-05 05:29:00,70.1100,70.1100,70.1000,70.1000,1821
2024-12-05 05:28:00,70.0900,70.1000,70.0900,70.1000,1465
2024-12-05 05:27:00,70.1400,70.1400,70.0900,70.0900,2613
2024-12-05 05:26:00,70.1500,70.1500,70.1200,70.1300,254
2024-12-05 05:25:00,70.1200,70.1600,70.1200,70.1600,450
2024-12-05 05:24:00,70.1900,70.1900,70.1300,70.1500,1308
2024-12-05 05:23:00,70.2000,70.2000,70.1700,70.1900,182
2024-12-05 05:22:00,70.1800,70.2000,70.1700,70.1900,1236
2024-12-05 05:21:00,70.1500,70.1500,70.1300,70.1500,985
2024-12-05 05:20:00,70.1800,70.1900,70.1500,70.1700,2476
2024-12-05 05:19:00,70.1950,70.1950,70.1800,70.1800,458
2024-12-05 05:18:00,70.1900,70.2000,70.1900,70.1900,318
2024-12-05 05:17:00,70.1600,70.2000,70.1600,70.1900,1241
2024-12-05 05:16:00,70.1550,70.1700,70.1400,70.1600,815
2024-12-05 05:15:00,70.1900,70.2000,70.1400,70.1500,1167
2024-12-05 05:14:00,70.1500,70.2000,70.1500,70.2000,940
2024-12-05 05:13:00,70.0900,70.1800,70.0900,70.1500,2411
2024-12-05 05:12:00,70.1000,70.1000,70.0700,70.0900,285
2024-12-05 05:11:00,70.1000,70.1000,70.0600,70.0700,507
2024-12-05 05:10:00,70.1200,70.1200,70.0700,70.1000,56
2024-12-05 05:09:00,70.0300,70.2000,70.0100,70.1400,11144
2024-12-05 05:08:00,70.0200,70.0400,70.0200,70.0300,176
2024-12-05 05:07:00,70.0400,70.0400,70.0100,70.0200,58
2024-12-05 05:06:00,70.0100,70.0400,69.9800,70.0400,1933
2024-12-05 05:05:00,70.0100,70.0200,69.9900,70.0000,487
2024-12-05 05:04:00,70.0400,70.0500,69.9700,70.0000,3060
2024-12-05 05:03:00,70.0500,70.0500,70.0200,70.0200,390
2024-12-05 05:02:00,70.0500,70.0600,70.0400,70.0500,43
2024-12-05 05:01:00,69.9900,70.0500,69.9900,70.0500,1910
2024-12-05 05:00:00,69.9700,70.0000,69.9700,69.9900,371
2024-12-05 04:59:00,70.0500,70.0500,69.9700,69.9700,8163
2024-12-05 04:58:00,70.0600,70.0600,70.0400,70.0500,159
2024-12-05 04:57:00,70.1000,70.1000,70.0300,70.0600,1024
2024-12-05 04:56:00,70.0900,70.1100,70.0600,70.1000,1522
2024-12-05 04:55:00,70.0600,70.1200,70.0600,70.1200,743
2024-12-05 04:54:00,70.0600,70.0700,70.0400,70.0600,709
2024-12-05 04:53:00,70.0800,70.0800,70.0500,70.0700,1526
2024-12-05 04:52:00,70.0900,70.0900,70.0700,70.0700,750
2024-12-05 04:51:00,70.1000,70.1100,70.0700,70.0800,1664
2024-12-05 04:50:00,70.1000,70.1300,70.0900,70.1200,346
2024-12-05 04:49:00,70.1500,70.1500,70.0900,70.1000,1441
2024-12-05 04:48:00,70.1400,70.1400,70.0700,70.1400,456
2024-12-05 04:47:00,70.0500,70.1400,70.0500,70.0900,6203
2024-12-05 04:46:00,70.0500,70.0700,70.0400,70.0700,444
2024-12-05 04:45:00,70.0600,70.0900,70.0300,70.0300,666
2024-12-05 04:44:00,70.1200,70.1800,70.0500,70.0600,9447
2024-12-05 04:43:00,70.1000,70.1400,70.1000,70.1300,821
2024-12-05 04:42:00,70.1000,70.1200,70.0900,70.1200,1095
2024-12-05 04:41:00,70.0900,70.1300,70.0700,70.0900,3109
2024-12-05 04:40:00,70.1000,70.1000,70.0800,70.0800,322
2024-12-05 04:39:00,70.0700,70.1000,70.0700,70.0900,1067
2024-12-05 04:38:00,70.0400,70.0700,70.0200,70.0700,363
2024-12-05 04:37:00,70.0500,70.0500,70.0200,70.0400,1680
2024-12-05 04:36:00,70.0100,70.0500,70.0000,70.0500,1717
2024-12-05 04:35:00,69.9900,70.0300,69.9900,70.0100,218
2024-12-05 04:34:00,69.9100,70.0200,69.8700,69.9800,5532
2024-12-05 04:33:00,70.0100,70.0200,69.8700,69.9100,3142
2024-12-05 04:32:00,70.0200,70.0500,70.0000,70.0100,2198
2024-12-05 04:31:00,70.0500,70.0500,70.0000,70.0200,501
2024-12-05 04:30:00,69.9400,70.0300,69.9400,70.0300,4177
2024-12-05 04:29:00,69.9700,69.9700,69.9400,69.9500,316
2024-12-05 04:28:00,69.9500,69.9700,69.9300,69.9700,2319
2024-12-05 04:27:00,69.9100,69.9500,69.9100,69.9400,334
2024-12-05 04:26:00,69.9300,69.9400,69.9000,69.9200,741
2024-12-05 04:25:00,69.9500,69.9500,69.9300,69.9400,1770
2024-12-05 04:24:00,69.9500,69.9900,69.8800,69.9900,614
2024-12-05 04:23:00,70.0400,70.0700,69.8800,69.9300,10941
2024-12-05 04:22:00,70.0400,70.0600,70.0200,70.0400,2623
2024-12-05 04:21:00,70.0700,70.1000,70.0200,70.0400,2823
2024-12-05 04:20:00,70.1200,70.1400,70.0700,70.0900,3863
2024-12-05 04:19:00,70.0700,70.1300,70.0500,70.1200,1349
2024-12-05 04:18:00,70.0900,70.0900,70.0500,70.0900,1297
2024-12-05 04:17:00,70.1300,70.1300,70.0500,70.0900,1286
2024-12-05 04:16:00,70.1400,70.1900,70.1000,70.1200,5803
2024-12-05 04:15:00,70.1500,70.1900,70.0800,70.1400,2501
2024-12-05 04:14:00,69.8900,70.2000,69.8900,70.1500,12510
2024-12-05 04:13:00,69.8900,69.9000,69.8800,69.8900,894
2024-12-05 04:12:00,69.8500,69.9000,69.8500,69.9000,970
2024-12-05 04:11:00,69.8400,69.8800,69.7900,69.8800,4084
2024-12-05 04:10:00,69.7600,69.8400,69.7500,69.8000,6015
2024-12-05 04:09:00,69.7000,69.7800,69.6700,69.7700,1715
2024-12-05 04:08:00,69.6500,69.7000,69.6300,69.6900,1441
2024-12-05 04:07:00,69.6300,69.6600,69.6000,69.6500,877
2024-12-05 04:06:00,69.5900,69.6500,69.5800,69.6100,1599
2024-12-05 04:05:00,69.5800,69.6500,69.5500,69.5900,2630
2024-12-05 04:04:00,69.4600,69.6600,69.4400,69.6200,15298
2024-12-05 04:03:00,69.4700,69.5000,69.4300,69.4700,3085
2024-12-05 04:02:00,69.5800,69.6000,69.3600,69.5000,29223
2024-12-05 04:01:00,69.6700,69.7200,69.5400,69.5800,7777
2024-12-05 04:00:00,69.8800,70.0400,69.6000,69.6600,7030
2024-12-04 19:59:00,69.7500,69.7600,69.6900,69.7000,5531
2024-12-04 19:58:00,69.7500,69.7600,69.7100,69.7500,2918
2024-12-04 19:57:00,69.7700,69.7700,69.7100,69.7100,6741
2024-12-04 19:56:00,69.7800,69.7800,69.7500,69.7700,2753
2024-12-04 19:55:00,69.7800,69.7800,69.7500,69.7800,661
2024-12-04 19:54:00,69.7800,69.7800,69.7500,69.7700,3490
2024-12-04 19:53:00,69.7900,69.8000,69.7594,69.7700,943
2024-12-04 19:52:00,69.7950,69.8000,69.7799,69.8000,867
2024-12-04 19:51:00,69.8000,69.8000,69.7900,69.8000,1900
2024-12-04 19:50:00,69.7800,69.8000,69.7600,69.7950,2480
2024-12-04 19:49:00,69.7600,69.7800,69.7400,69.7700,1539
2024-12-04 19:48:00,69.7650,69.7800,69.7400,69.7503,3756
2024-12-04 19:47:00,69.7691,69.7700,69.7600,69.7700,3354
2024-12-04 19:46:00,69.7700,69.7700,69.7600,69.7600,323
2024-12-04 19:45:00,69.7500,69.7700,69.7400,69.7650,2261
2024-12-04 19:44:00,69.7300,69.7699,69.7300,69.7400,1762
2024-12-04 19:43:00,69.7781,69.7800,69.7400,69.7500,1267
2024-12-04 19:42:00,69.7700,69.8000,69.7100,69.7450,5028
2024-12-04 19:41:00,69.8000,69.8000,69.7600,69.7600,961
2024-12-04 19:40:00,69.8000,69.8000,69.7508,69.8000,3245
2024-12-04 19:39:00,69.8000,69.8100,69.7700,69.8000,1236
2024-12-04 19:38:00,69.8200,69.8300,69.7600,69.7600,4577
2024-12-04 19:37:00,69.8200,69.8300,69.8000,69.8010,4843
2024-12-04 19:36:00,69.8288,69.8300,69.8200,69.8300,1060
2024-12-04 19:35:00,69.8500,69.8500,69.8200,69.8200,1658
2024-12-04 19:34:00,69.8400,69.8500,69.8200,69.8492,1470
2024-12-04 19:33:00,69.8300,69.8500,69.8200,69.8400,3651
2024-12-04 19:32:00,69.8100,69.8500,69.8100,69.8300,3722
2024-12-04 19:31:00,69.8400,69.8500,69.8100,69.8400,1502
2024-12-04 19:30:00,69.8699,69.8700,69.8105,69.8500,1432
2024-12-04 19:29:00,69.8700,69.8700,69.8100,69.8700,1171
2024-12-04 19:28:00,69.8700,69.8700,69.8500,69.8700,228
2024-12-04 19:27:00,69.8800,69.8800,69.8695,69.8695,1996
2024-12-04 19:26:00,69.8800,69.8800,69.8100,69.8800,896
2024-12-04 19:25:00,69.8500,69.8800,69.8200,69.8800,2699
2024-12-04 19:24:00,69.8800,69.8800,69.8500,69.8500,413
2024-12-04 19:23:00,69.8499,69.9088,69.8200,69.9000,1677
2024-12-04 19:22:00,69.8000,69.9100,69.8000,69.8400,1518
2024-12-04 19:21:00,69.9100,69.9100,69.8200,69.8500,2302
2024-12-04 19:20:00,69.9100,69.9100,69.8900,69.8900,84
2024-12-04 19:19:00,69.9000,69.9200,69.8700,69.8900,809
2024-12-04 19:18:00,69.9200,69.9200,69.9000,69.9000,7315
2024-12-04 19:17:00,69.9200,69.9200,69.9100,69.9100,76
2024-12-04 19:16:00,69.9200,69.9200,69.9000,69.9100,275
2024-12-04 19:15:00,69.9097,69.9200,69.9000,69.9200,3070
2024-12-04 19:14:00,69.9100,69.9200,69.9000,69.9000,1741
2024-12-04 19:13:00,69.8800,69.9200,69.8700,69.9200,4722
2024-12-04 19:12:00,69.8850,69.9000,69.8700,69.8700,588
2024-12-04 19:11:00,69.9000,69.9000,69.8700,69.8900,359
2024-12-04 19:10:00,69.8900,69.9000,69.8700,69.8702,2775
2024-12-04 19:09:00,69.8700,69.9000,69.8500,69.8899,2463
2024-12-04 19:08:00,69.8300,69.8600,69.8000,69.8600,1794
2024-12-04 19:07:00,69.7800,69.8300,69.7800,69.8100,1962
2024-12-04 19:06:00,69.7300,69.8500,69.7300,69.7800,2117
2024-12-04 19:05:00,69.7600,69.7700,69.7200,69.7699,2086
2024-12-04 19:04:00,69.7700,69.7700,69.7200,69.7450,1470
2024-12-04 19:03:00,69.7508,69.7700,69.7200,69.7700,1946
2024-12-04 19:02:00,69.7200,69.7800,69.7200,69.7700,668
2024-12-04 19:01:00,69.7600,69.7800,69.7200,69.7500,326
2024-12-04 19:00:00,69.7450,69.7800,69.7100,69.7700,1632
2024-12-04 18:59:00,69.7406,69.7800,69.7100,69.7462,547
2024-12-04 18:58:00,69.7100,69.7800,69.7100,69.7227,790
2024-12-04 18:57:00,69.7502,69.8300,69.7200,69.7800,6156
2024-12-04 18:56:00,69.8600,69.8700,69.7500,69.7650,7551
2024-12-04 18:55:00,69.8000,69.8600,69.8000,69.8600,2267
2024-12-04 18:54:00,69.8500,69.8500,69.7900,69.8500,2504
2024-12-04 18:53:00,69.8053,69.8400,69.8000,69.8200,3307
2024-12-04 18:52:00,69.8150,69.8400,69.7900,69.8400,213
2024-12-04 18:51:00,69.8400,69.8500,69.7900,69.8400,2114
2024-12-04 18:50:00,69.8400,69.8500,69.8150,69.8500,1958
2024-12-04 18:49:00,69.8400,69.8400,69.8000,69.8300,880
2024-12-04 18:48:00,69.8000,69.8400,69.8000,69.8400,3534
2024-12-04 18:47:00,69.8200,69.8400,69.8000,69.8300,2261
2024-12-04 18:46:00,69.8400,69.8400,69.8000,69.8200,1639
2024-12-04 18:45:00,69.8250,69.8400,69.8000,69.8400,56
2024-12-04 18:44:00,69.8200,69.8400,69.7900,69.8400,2834
2024-12-04 18:43:00,69.8050,69.8400,69.8050,69.8200,208
2024-12-04 18:42:00,69.8400,69.8400,69.7800,69.8000,2722
2024-12-04 18:41:00,69.8200,69.8400,69.7800,69.8400,4483
2024-12-04 18:40:00,69.8000,69.8100,69.7800,69.8100,2189
2024-12-04 18:39:00,69.7900,69.8000,69.7800,69.8000,1352
2024-12-04 18:38:00,69.8100,69.8100,69.7603,69.7900,195
2024-12-04 18:37:00,69.8199,69.8200,69.7600,69.8100,1727
2024-12-04 18:36:00,69.8300,69.8400,69.7601,69.7900,4363
2024-12-04 18:35:00,69.7900,69.8300,69.7800,69.8050,1163
2024-12-04 18:34:00,69.7700,69.8000,69.7526,69.7900,386
2024-12-04 18:33:00,69.7750,69.8000,69.7500,69.7700,2784
2024-12-04 18:32:00,69.8000,69.8000,69.7300,69.7300,1895
2024-12-04 18:31:00,69.7500,69.8000,69.7300,69.8000,275
2024-12-04 18:30:00,69.7500,69.7750,69.7400,69.7750,1245
2024-12-04 18:29:00,69.7400,69.8000,69.7400,69.7800,1084
2024-12-04 18:28:00,69.7650,69.8000,69.7400,69.8000,2935
2024-12-04 18:27:00,69.7900,69.7900,69.7400,69.7600,1252
2024-12-04 18:26:00,69.7600,69.8000,69.7600,69.7900,1901
2024-12-04 18:25:00,69.7800,69.8000,69.7400,69.8000,329
2024-12-04 18:24:00,69.8100,69.8100,69.7400,69.7900,1125
2024-12-04 18:23:00,69.8200,69.8200,69.7300,69.7800,5037
2024-12-04 18:22:00,69.8100,69.8400,69.7500,69.7750,10094
2024-12-04 18:21:00,69.8200,69.8400,69.8100,69.8250,1362
2024-12-04 18:20:00,69.8201,69.8500,69.8200,69.8200,1528
2024-12-04 18:19:00,69.8300,69.8300,69.8200,69.8300,351
2024-12-04 18:18:00,69.8200,69.8600,69.8100,69.8400,1086
2024-12-04 18:17:00,69.8350,69.8600,69.8200,69.8200,304
2024-12-04 18:16:00,69.8600,69.8600,69.8201,69.8201,351
2024-12-04 18:15:00,69.8600,69.8600,69.8200,69.8550,313
2024-12-04 18:14:00,69.8500,69.8600,69.8111,69.8600,680
2024-12-04 18:13:00,69.8500,69.8500,69.8100,69.8300,212
2024-12-04 18:12:00,69.8100,69.8600,69.8100,69.8500,1312
2024-12-04 18:11:00,69.8400,69.8600,69.8100,69.8100,2802
2024-12-04 18:10:00,69.8500,69.8600,69.8100,69.8500,111
2024-12-04 18:09:00,69.8350,69.8600,69.8100,69.8100,127
2024-12-04 18:08:00,69.8700,69.8700,69.8100,69.8100,255
2024-12-04 18:07:00,69.8500,69.8500,69.8100,69.8425,774
2024-12-04 18:06:00,69.8700,69.8700,69.8100,69.8500,288
2024-12-04 18:05:00,69.8000,69.8700,69.7998,69.8200,512
2024-12-04 18:04:00,69.8200,69.8200,69.7800,69.8000,256
2024-12-04 18:03:00,69.8000,69.8200,69.7800,69.8050,370
2024-12-04 18:02:00,69.8400,69.8700,69.7800,69.8200,1310
2024-12-04 18:01:00,69.7819,69.8400,69.7600,69.8400,3676
2024-12-04 18:00:00,69.8100,69.8500,69.8000,69.8100,295
2024-12-04 17:59:00,69.8100,69.8800,69.8100,69.8100,1282
2024-12-04 17:58:00,69.7600,69.8800,69.7600,69.8100,897
2024-12-04 17:57:00,69.7700,69.7700,69.7600,69.7700,997
2024-12-04 17:56:00,69.7500,69.8400,69.7500,69.7900,1248
2024-12-04 17:55:00,69.8100,69.8400,69.7500,69.7500,850
2024-12-04 17:54:00,69.8300,69.8500,69.7600,69.8400,3972
2024-12-04 17:53:00,69.7800,69.8500,69.7800,69.8250,1031
2024-12-04 17:52:00,69.8800,69.8800,69.7951,69.8200,369
2024-12-04 17:51:00,69.8387,69.8800,69.7800,69.8200,1835
2024-12-04 17:50:00,69.8700,69.8800,69.7619,69.8500,881
2024-12-04 17:49:00,69.8400,69.8900,69.7600,69.8800,15871
2024-12-04 17:48:00,69.8400,69.8900,69.8000,69.8420,5699
2024-12-04 17:47:00,69.8700,69.8900,69.8000,69.8500,5649
2024-12-04 17:46:00,69.8700,69.8700,69.8400,69.8600,101939
2024-12-04 17:45:00,69.8900,69.8900,69.8600,69.8650,1862
2024-12-04 17:44:00,69.8900,69.9000,69.8500,69.8800,8192
2024-12-04 17:43:00,69.8900,69.9000,69.8800,69.8900,244
2024-12-04 17:42:00,69.8800,69.9000,69.8800,69.9000,432
2024-12-04 17:41:00,69.8898,69.9000,69.8800,69.9000,693
2024-12-04 17:40:00,69.8900,69.8900,69.8600,69.8850,319
2024-12-04 17:39:00,69.8700,69.8900,69.8600,69.8900,466
2024-12-04 17:38:00,69.8700,69.8900,69.8600,69.8700,891
2024-12-04 17:37:00,69.8986,69.9000,69.8600,69.8600,650
2024-12-04 17:36:00,69.9000,69.9000,69.8600,69.8800,2938
2024-12-04 17:35:00,69.9000,69.9000,69.8800,69.8800,303
2024-12-04 17:34:00,69.9000,69.9000,69.8800,69.9000,411
2024-12-04 17:33:00,69.9200,69.9200,69.8800,69.8800,163
2024-12-04 17:32:00,69.9100,69.9200,69.8800,69.9000,3906
2024-12-04 17:31:00,69.9000,69.9200,69.9000,69.9100,1195
2024-12-04 17:30:00,69.9100,69.9100,69.9000,69.9100,681
2024-12-04 17:29:00,69.9200,69.9200,69.9000,69.9100,2210
2024-12-04 17:28:00,69.9197,69.9200,69.9000,69.9200,2921
2024-12-04 17:27:00,69.9200,69.9200,69.9100,69.9200,1243
2024-12-04 17:26:00,69.9100,69.9200,69.9100,69.9200,429
2024-12-04 17:25:00,69.9100,69.9200,69.9100,69.9200,842
2024-12-04 17:24:00,69.9200,69.9300,69.9100,69.9200,4219
2024-12-04 17:23:00,69.9200,71.0000,66.7200,69.9200,10344
2024-12-04 17:22:00,69.9300,69.9300,69.9000,69.9200,2363
2024-12-04 17:21:00,69.9600,69.9900,69.9300,69.9300,752
2024-12-04 17:20:00,69.9500,69.9800,69.9300,69.9501,420
2024-12-04 17:19:00,69.9400,69.9700,69.9300,69.9550,1636
2024-12-04 17:18:00,69.9500,69.9500,69.9100,69.9400,1722
2024-12-04 17:17:00,69.9500,69.9500,69.9000,69.9500,1048
2024-12-04 17:16:00,69.9300,69.9500,69.9045,69.9045,2404
2024-12-04 17:15:00,69.9300,69.9700,69.9299,69.9500,1308
2024-12-04 17:14:00,69.9700,69.9700,69.9300,69.9700,1484
2024-12-04 17:13:00,69.9500,69.9900,69.9400,69.9600,2817
2024-12-04 17:12:00,69.9600,69.9900,69.9100,69.9500,6342
2024-12-04 17:11:00,69.9200,69.9800,69.9200,69.9500,2374
2024-12-04 17:10:00,69.9200,69.9500,69.9000,69.9400,605
2024-12-04 17:09:00,69.8999,69.9194,69.8800,69.9050,2341
2024-12-04 17:08:00,69.9000,69.9200,69.8800,69.9000,254
2024-12-04 17:07:00,69.9100,69.9200,69.8800,69.9200,469
2024-12-04 17:06:00,69.8991,69.9200,69.8800,69.9100,3967
2024-12-04 17:05:00,69.8800,69.9000,69.8800,69.8900,1265
2024-12-04 17:04:00,69.9000,69.9000,69.8800,69.9000,951
2024-12-04 17:03:00,69.9000,69.9200,69.8600,69.9000,807
2024-12-04 17:02:00,69.9037,69.9300,69.9000,69.9000,4136
2024-12-04 17:01:00,69.9300,69.9300,69.9000,69.9000,2618
2024-12-04 17:00:00,69.9200,69.9300,69.9000,69.9300,2306
2024-12-04 16:59:00,69.9400,69.9400,69.9200,69.9200,308
2024-12-04 16:58:00,69.9400,69.9500,69.9200,69.9500,531
2024-12-04 16:57:00,69.9400,69.9500,69.9200,69.9200,909
2024-12-04 16:56:00,69.9500,69.9500,69.9400,69.9500,1416
2024-12-04 16:55:00,69.9500,69.9700,69.9400,69.9450,4317
2024-12-04 16:54:00,69.9700,69.9900,69.9400,69.9550,7015
2024-12-04 16:53:00,69.9400,69.9900,69.9400,69.9650,17570
2024-12-04 16:52:00,69.9500,69.9500,69.9300,69.9500,2704
2024-12-04 16:51:00,69.9300,69.9500,69.9200,69.9300,716
2024-12-04 16:50:00,69.9300,69.9500,69.9105,69.9105,2651
2024-12-04 16:49:00,69.9000,69.9500,69.8900,69.9500,10354
2024-12-04 16:48:00,69.9150,69.9300,69.8500,69.8900,1291
2024-12-04 16:47:00,69.9000,69.9100,69.9000,69.9100,6712
2024-12-04 16:46:00,69.9040,69.9300,69.8900,69.9100,1867
2024-12-04 16:45:00,69.8961,69.9400,69.8900,69.9200,1162
2024-12-04 16:44:00,69.9301,69.9500,69.9200,69.9300,1575
2024-12-04 16:43:00,69.9400,69.9500,69.9200,69.9400,950
2024-12-04 16:42:00,69.8700,69.9300,69.8700,69.9300,14611
2024-12-04 16:41:00,69.8900,69.8900,69.8700,69.8900,1748
2024-12-04 16:40:00,69.8900,69.8900,69.8700,69.8900,2062
2024-12-04 16:39:00,69.8500,69.9000,69.8500,69.8800,15720
2024-12-04 16:38:00,69.8800,69.9000,69.8600,69.9000,4107
2024-12-04 16:37:00,69.8603,69.8800,69.8500,69.8600,3835
2024-12-04 16:36:00,69.8500,69.8800,69.8499,69.8700,2790
2024-12-04 16:35:00,69.8400,69.8600,69.8300,69.8500,603
2024-12-04 16:34:00,69.8700,69.8700,69.8300,69.8545,8681
2024-12-04 16:33:00,69.8500,69.8700,69.8400,69.8600,5637
2024-12-04 16:32:00,69.8700,69.8700,69.8400,69.8600,4746
2024-12-04 16:31:00,69.8700,69.8900,69.8500,69.8700,2653
2024-12-04 16:30:00,69.8800,69.9000,69.8600,69.8800,3048
2024-12-04 16:29:00,69.9000,69.9000,69.8400,69.8800,3201
2024-12-04 16:28:00,69.8400,69.9000,69.8300,69.8800,4121
2024-12-04 16:27:00,69.8400,69.8400,69.8000,69.8200,3162
2024-12-04 16:26:00,69.8100,69.8500,69.8000,69.8384,5520
2024-12-04 16:25:00,69.8300,69.8400,69.8000,69.8300,2155
2024-12-04 16:24:00,69.8800,69.8800,69.8000,69.8400,487
2024-12-04 16:23:00,69.8000,69.8800,69.7800,69.8500,5207
2024-12-04 16:22:00,69.7800,69.8300,69.7800,69.8100,2058
2024-12-04 16:21:00,69.8000,69.8300,69.7600,69.8300,4596
2024-12-04 16:20:00,69.7800,69.8500,69.7600,69.8100,4535
2024-12-04 16:19:00,69.7700,69.8100,69.7600,69.8100,6283
2024-12-04 16:18:00,69.7715,69.8000,69.7500,69.7600,2621
2024-12-04 16:17:00,69.8200,69.8200,69.7700,69.8000,8099
2024-12-04 16:16:00,69.9300,69.9300,69.8000,69.8000,17017
2024-12-04 16:15:00,69.9300,69.9600,69.8500,69.9250,4213
2024-12-04 16:14:00,69.9500,69.9600,69.9100,69.9500,7537
2024-12-04 16:13:00,69.9600,69.9700,69.4250,69.9400,20681
2024-12-04 16:12:00,69.9500,69.9800,69.9400,69.9600,9919
2024-12-04 16:11:00,69.9500,69.9600,69.9400,69.9600,1938
2024-12-04 16:10:00,69.9600,69.9600,69.8500,69.9600,12245
2024-12-04 16:09:00,69.9600,69.9600,69.9400,69.9600,4965
2024-12-04 16:08:00,69.9696,69.9700,69.8500,69.9600,37010
2024-12-04 16:07:00,69.9800,69.9800,68.9450,69.9700,4385
2024-12-04 16:06:00,69.9800,69.9800,69.8500,69.9800,51791
2024-12-04 16:05:00,69.9300,69.9900,69.8500,69.9850,45116
2024-12-04 16:04:00,69.9500,69.9500,69.9200,69.9300,13432
2024-12-04 16:03:00,69.9000,69.9500,69.8500,69.9400,125700
2024-12-04 16:02:00,69.9000,69.9000,69.8200,69.8800,99798
2024-12-04 16:01:00,69.8600,69.9000,69.8200,69.8600,24339
2024-12-04 16:00:00,69.8600,69.9000,69.7700,69.8600,3578098
2024-12-04 15:59:00,69.8550,69.8900,69.8000,69.8600,675026
2024-12-04 15:58:00,69.8200,69.8599,69.7700,69.8511,384834
2024-12-04 15:57:00,69.8550,69.8600,69.7950,69.8150,304637
2024-12-04 15:56:00,69.9000,69.9299,69.8414,69.8550,272873
2024-12-04 15:55:00,69.9200,69.9373,69.8400,69.9000,299220
2024-12-04 15:54:00,69.8100,69.9400,69.8100,69.9250,321598
2024-12-04 15:53:00,69.7450,69.8650,69.7300,69.8100,358649
2024-12-04 15:52:00,69.6800,69.7500,69.6500,69.7401,226503
2024-12-04 15:51:00,69.6350,69.6985,69.6200,69.6823,146105
2024-12-04 15:50:00,69.5600,69.6750,69.5100,69.6300,202550
2024-12-04 15:49:00,69.5570,69.5950,69.5006,69.5556,139577
2024-12-04 15:48:00,69.5510,69.6124,69.5300,69.5500,100060
2024-12-04 15:47:00,69.5900,69.6300,69.5200,69.5401,161837
2024-12-04 15:46:00,69.5530,69.6550,69.5300,69.5901,125282
2024-12-04 15:45:00,69.6600,69.6650,69.4700,69.5500,202019
2024-12-04 15:44:00,69.5500,69.6900,69.5100,69.6637,228871
2024-12-04 15:43:00,69.5800,69.6200,69.5300,69.5350,183520
2024-12-04 15:42:00,69.5200,69.6000,69.5050,69.5900,100391
2024-12-04 15:41:00,69.4850,69.5800,69.4800,69.5213,92795
2024-12-04 15:40:00,69.5700,69.6050,69.4500,69.4899,129985
2024-12-04 15:39:00,69.4550,69.5900,69.4400,69.5650,157613
2024-12-04 15:38:00,69.4550,69.4800,69.4100,69.4500,101074
2024-12-04 15:37:00,69.4850,69.5199,69.4350,69.4501,113576
2024-12-04 15:36:00,69.4401,69.5200,69.4300,69.4800,112943
2024-12-04 15:35:00,69.4719,69.4754,69.3500,69.4400,124170
2024-12-04 15:34:00,69.5000,69.5200,69.3800,69.4800,162602
2024-12-04 15:33:00,69.4000,69.5200,69.3900,69.5050,177226
2024-12-04 15:32:00,69.4100,69.4300,69.3300,69.4000,146056
2024-12-04 15:31:00,69.3950,69.4400,69.3500,69.4047,159802
2024-12-04 15:30:00,69.5050,69.5100,69.3800,69.3952,134641
2024-12-04 15:29:00,69.6400,69.6400,69.4600,69.5017,234288
2024-12-04 15:28:00,69.6400,69.6800,69.5800,69.6324,171080
2024-12-04 15:27:00,69.6500,69.6500,69.5800,69.6400,153183
2024-12-04 15:26:00,69.6200,69.6800,69.5500,69.6450,225423
2024-12-04 15:25:00,69.6900,69.7199,69.4900,69.6199,351931
2024-12-04 15:24:00,69.4600,69.7200,69.3110,69.6900,531110
2024-12-04 15:23:00,69.0200,69.5299,68.9200,69.4591,736951
2024-12-04 15:22:00,68.9200,69.5900,68.9000,69.0300,418356
2024-12-04 15:21:00,68.8692,68.9385,68.8692,68.9200,58298
2024-12-04 15:20:00,68.9200,68.9450,68.8500,68.8528,87327
2024-12-04 15:19:00,68.9200,68.9500,68.8900,68.9150,71526
2024-12-04 15:18:00,68.8744,68.9400,68.8700,68.9199,76422
2024-12-04 15:17:00,68.8880,68.9000,68.8101,68.8800,86245
2024-12-04 15:16:00,68.9300,68.9500,68.8701,68.8881,76590
2024-12-04 15:15:00,68.9300,68.9500,68.8800,68.9205,84900
2024-12-04 15:14:00,68.8750,68.9400,68.8750,68.9270,73678
2024-12-04 15:13:00,68.8900,68.9100,68.8750,68.8800,71029
2024-12-04 15:12:00,68.8400,68.9200,68.8300,68.8971,117985
2024-12-04 15:11:00,68.8500,68.8800,68.7800,68.8400,84423
2024-12-04 15:10:00,68.8100,68.8499,68.7800,68.8499,66010
2024-12-04 15:09:00,68.8250,68.8500,68.7800,68.8059,57250
2024-12-04 15:08:00,68.8700,68.9000,68.7800,68.8250,130738
2024-12-04 15:07:00,68.8175,68.8892,68.8100,68.8751,97292
2024-12-04 15:06:00,68.7500,68.8400,68.7200,68.8200,98704
2024-12-04 15:05:00,68.6600,68.8099,68.6501,68.7664,111745
2024-12-04 15:04:00,68.6269,68.7000,68.6000,68.6600,113016
2024-12-04 15:03:00,68.6900,68.7000,68.5900,68.6248,159514
2024-12-04 15:02:00,68.8300,68.8300,68.6400,68.6900,185781
2024-12-04 15:01:00,68.8100,68.8864,68.7700,68.8300,71894
2024-12-04 15:00:00,68.8501,68.8900,68.8101,68.8101,69510
2024-12-04 14:59:00,68.8700,68.8800,68.7800,68.8586,75862
2024-12-04 14:58:00,68.7892,68.9300,68.7892,68.8691,106553
2024-12-04 14:57:00,68.8119,68.8250,68.7500,68.7700,180997
2024-12-04 14:56:00,68.8450,68.8900,68.7600,68.8130,152240
2024-12-04 14:55:00,68.8800,68.8999,68.8100,68.8500,120301
2024-12-04 14:54:00,68.8800,68.9900,68.8600,68.8800,158646
2024-12-04 14:53:00,68.9200,68.9400,68.8800,68.8850,70022
2024-12-04 14:52:00,68.9000,68.9500,68.8900,68.9299,80495
2024-12-04 14:51:00,68.9800,69.0100,68.8600,68.8874,175586
2024-12-04 14:50:00,68.8900,69.0600,68.8500,68.9857,268175
2024-12-04 14:49:00,68.9211,68.9500,68.8400,68.8900,112241
2024-12-04 14:48:00,68.9500,68.9600,68.8301,68.9092,151707
2024-12-04 14:47:00,68.9100,68.9800,68.8600,68.9401,154486
2024-12-04 14:46:00,68.7850,68.9500,68.7600,68.9300,178909
2024-12-04 14:45:00,68.8150,68.8300,68.7200,68.7852,115705
2024-12-04 14:44:00,68.7887,68.8266,68.7500,68.8100,91018
2024-12-04 14:43:00,68.8100,68.8750,68.7800,68.7900,97339
2024-12-04 14:42:00,68.7500,68.8900,68.7500,68.8100,182268
2024-12-04 14:41:00,68.7100,68.8400,68.7000,68.7600,169074
2024-12-04 14:40:00,68.7500,68.8100,68.7000,68.7100,139570
2024-12-04 14:39:00,68.7250,68.7750,68.7050,68.7450,98447
2024-12-04 14:38:00,68.7200,68.7600,68.7100,68.7250,74061
2024-12-04 14:37:00,68.7887,68.8100,68.7000,68.7240,172966
2024-12-04 14:36:00,68.7434,68.8400,68.6800,68.7800,203250
2024-12-04 14:35:00,68.6100,68.7700,68.6000,68.7616,235947
2024-12-04 14:34:00,68.5850,68.6200,68.5300,68.6150,127188
2024-12-04 14:33:00,68.6690,68.7100,68.5400,68.5900,254061
2024-12-04 14:32:00,68.5654,68.6600,68.5500,68.6600,170072
2024-12-04 14:31:00,68.5751,68.6300,68.5300,68.5679,180690
2024-12-04 14:30:00,68.5600,68.6000,68.4300,68.5700,291008
2024-12-04 14:29:00,68.4438,68.5600,68.4324,68.5500,159382
2024-12-04 14:28:00,68.3790,68.4598,68.3500,68.4400,101550
2024-12-04 14:27:00,68.4603,68.5050,68.3400,68.3700,176812
2024-12-04 14:26:00,68.3890,68.5300,68.3700,68.4616,353025
2024-12-04 14:25:00,68.3400,68.4800,68.3100,68.3750,231448
2024-12-04 14:24:00,68.3500,68.3900,68.1800,68.3450,135309
2024-12-04 14:23:00,68.1100,68.3500,68.1001,68.3396,193877
2024-12-04 14:22:00,68.1850,68.2300,68.0300,68.1037,147517
2024-12-04 14:21:00,68.1500,68.2200,68.0600,68.1801,175983
2024-12-04 14:20:00,68.2850,68.2999,68.1421,68.1660,223010
2024-12-04 14:19:00,68.1700,68.4200,68.1300,68.2899,395487
2024-12-04 14:18:00,67.9500,68.1800,67.9350,68.1700,255739
2024-12-04 14:17:00,67.7100,68.0400,67.7000,67.9400,336792
2024-12-04 14:16:00,67.9700,67.9750,67.6800,67.7100,314808
2024-12-04 14:15:00,68.0136,68.0500,67.9100,67.9748,206573
2024-12-04 14:14:00,68.0795,68.1095,67.8700,68.0100,274171
2024-12-04 14:13:00,67.7300,68.2400,67.7300,68.0300,435891
2024-12-04 14:12:00,68.0237,68.0480,67.6700,67.7165,464943
2024-12-04 14:11:00,68.1000,68.1400,67.9000,68.0200,427397
2024-12-04 14:10:00,68.2200,68.2900,68.1000,68.1100,224023
2024-12-04 14:09:00,68.1501,68.3394,68.0750,68.2300,313100
2024-12-04 14:08:00,68.2900,68.3200,67.9400,68.1600,429300
2024-12-04 14:07:00,68.1246,68.3000,67.9000,68.2199,485445
2024-12-04 14:06:00,68.1801,68.3399,67.9700,68.1200,672610
2024-12-04 14:05:00,67.9700,68.4800,67.7500,68.1950,855173
2024-12-04 14:04:00,67.9300,68.2000,67.6000,67.9600,607386
2024-12-04 14:03:00,67.8400,68.2663,67.3900,67.9000,1176137
2024-12-04 14:02:00,67.8600,68.0700,67.2800,67.8800,1051862
2024-12-04 14:01:00,68.7900,68.9700,67.4500,67.8500,2280092
2024-12-04 14:00:00,69.4920,69.8000,68.6300,68.7700,1928778
2024-12-04 13:59:00,69.5300,69.5800,69.4900,69.5000,83753
2024-12-04 13:58:00,69.5485,69.5700,69.4600,69.5400,93457
2024-12-04 13:57:00,69.5500,69.5500,69.4800,69.5429,77775
2024-12-04 13:56:00,69.5182,69.5599,69.4709,69.5400,68477
2024-12-04 13:55:00,69.4699,69.5399,69.4500,69.5100,73019
2024-12-04 13:54:00,69.4051,69.4800,69.3900,69.4600,82623
2024-12-04 13:53:00,69.3600,69.4499,69.3500,69.4036,76257
2024-12-04 13:52:00,69.3700,69.3900,69.2941,69.3700,69451
2024-12-04 13:51:00,69.3000,69.4199,69.2800,69.3713,87207
2024-12-04 13:50:00,69.2800,69.3360,69.2800,69.3170,60168
2024-12-04 13:49:00,69.2600,69.3100,69.2600,69.2900,33623
2024-12-04 13:48:00,69.2600,69.2900,69.2300,69.2600,26103
2024-12-04 13:47:00,69.2300,69.2900,69.2300,69.2600,50220
2024-12-04 13:46:00,69.2400,69.3399,69.1600,69.2261,116744
2024-12-04 13:45:00,69.1801,69.2600,69.1801,69.2400,63613
2024-12-04 13:44:00,69.1300,69.2400,69.1200,69.1900,77079
2024-12-04 13:43:00,69.0699,69.1400,69.0583,69.1300,74200
2024-12-04 13:42:00,69.0900,69.1000,69.0300,69.0501,73631
2024-12-04 13:41:00,69.1600,69.1850,69.0700,69.0700,151432
2024-12-04 13:40:00,69.1795,69.1795,69.1200,69.1700,84538
2024-12-04 13:39:00,69.1812,69.2000,69.1000,69.1799,99097
2024-12-04 13:38:00,69.1901,69.2250,69.1610,69.1850,132089
2024-12-04 13:37:00,69.2750,69.2800,69.1900,69.1950,52583
2024-12-04 13:36:00,69.2900,69.2900,69.1635,69.2700,145091
2024-12-04 13:35:00,69.2715,69.3400,69.2700,69.2999,49655
2024-12-04 13:34:00,69.3832,69.3850,69.2300,69.2700,103513
2024-12-04 13:33:00,69.2500,69.3900,69.2400,69.3900,65854
2024-12-04 13:32:00,69.4100,69.4400,69.2400,69.2600,187804
2024-12-04 13:31:00,69.3700,69.4300,69.3300,69.3900,76913
2024-12-04 13:30:00,69.5200,69.5300,69.3600,69.3800,126972
2024-12-04 13:29:00,69.5500,69.5599,69.5200,69.5300,37079
2024-12-04 13:28:00,69.5000,69.5650,69.5000,69.5450,28732
2024-12-04 13:27:00,69.5800,69.5900,69.4800,69.5000,50324
2024-12-04 13:26:00,69.5248,69.6000,69.5200,69.5800,76415
2024-12-04 13:25:00,69.4601,69.5400,69.4600,69.5300,39231
2024-12-04 13:24:00,69.4652,69.5100,69.4600,69.4600,51545
2024-12-04 13:23:00,69.5101,69.5101,69.4100,69.4700,103024
2024-12-04 13:22:00,69.6150,69.6200,69.5200,69.5250,65865
2024-12-04 13:21:00,69.6900,69.6985,69.6200,69.6200,47690
2024-12-04 13:20:00,69.7300,69.7350,69.6900,69.7000,48103
2024-12-04 13:19:00,69.7400,69.7600,69.7200,69.7200,36471
2024-12-04 13:18:00,69.6750,69.7600,69.6714,69.7341,65991
2024-12-04 13:17:00,69.6450,69.6900,69.6300,69.6750,39064
2024-12-04 13:16:00,69.7000,69.7400,69.6301,69.6450,54176
2024-12-04 13:15:00,69.6450,69.7000,69.6450,69.7000,53571
2024-12-04 13:14:00,69.6100,69.6500,69.6100,69.6450,51547
2024-12-04 13:13:00,69.6500,69.6550,69.5800,69.6050,48470
2024-12-04 13:12:00,69.6350,69.6600,69.6200,69.6450,46938
2024-12-04 13:11:00,69.6200,69.6400,69.5800,69.6399,43527
2024-12-04 13:10:00,69.6350,69.6500,69.6100,69.6186,33341
2024-12-04 13:09:00,69.6400,69.6600,69.6200,69.6400,32877
2024-12-04 13:08:00,69.7000,69.7100,69.6300,69.6300,50660
2024-12-04 13:07:00,69.6550,69.7000,69.6300,69.6900,42348
2024-12-04 13:06:00,69.6300,69.6609,69.6100,69.6550,40215
2024-12-04 13:05:00,69.6500,69.6700,69.5801,69.6288,41811
2024-12-04 13:04:00,69.7000,69.7598,69.6242,69.6500,102535
2024-12-04 13:03:00,69.5897,69.7700,69.5800,69.6936,91842
2024-12-04 13:02:00,69.5200,69.5900,69.5100,69.5804,30216
2024-12-04 13:01:00,69.5180,69.5300,69.4700,69.5200,44428
2024-12-04 13:00:00,69.5700,69.5800,69.5100,69.5100,58797
2024-12-04 12:59:00,69.5832,69.6700,69.5700,69.5750,290757
2024-12-04 12:58:00,69.6600,69.6600,69.5900,69.5900,68764
2024-12-04 12:57:00,69.5405,69.6700,69.5400,69.6528,68444
2024-12-04 12:56:00,69.5265,69.5500,69.4801,69.5300,127755
2024-12-04 12:55:00,69.5974,69.5974,69.5200,69.5400,46849
2024-12-04 12:54:00,69.5821,69.6300,69.5668,69.6000,70506
2024-12-04 12:53:00,69.6000,69.6000,69.5600,69.5850,44556
2024-12-04 12:52:00,69.5350,69.6599,69.5300,69.6100,84584
2024-12-04 12:51:00,69.5100,69.5400,69.4800,69.5299,63085
2024-12-04 12:50:00,69.5399,69.5500,69.4700,69.5200,63385
2024-12-04 12:49:00,69.4500,69.5700,69.4050,69.5316,84331
2024-12-04 12:48:00,69.4400,69.4553,69.4000,69.4450,73796
2024-12-04 12:47:00,69.2948,69.4400,69.2948,69.4300,101196
2024-12-04 12:46:00,69.2600,69.3200,69.2500,69.2965,64686
2024-12-04 12:45:00,69.3244,69.3300,69.2500,69.2550,95276
2024-12-04 12:44:00,69.3408,69.4000,69.3100,69.3100,77707
2024-12-04 12:43:00,69.4800,69.4999,69.3100,69.3599,83169
2024-12-04 12:42:00,69.3600,69.5000,69.3600,69.4700,78164
2024-12-04 12:41:00,69.5095,69.5100,69.3500,69.3501,91173
2024-12-04 12:40:00,69.4250,69.5499,69.3800,69.5499,91848
2024-12-04 12:39:00,69.3721,69.4300,69.3300,69.4250,66690
2024-12-04 12:38:00,69.4173,69.4400,69.3600,69.3700,57738
2024-12-04 12:37:00,69.4100,69.4400,69.3700,69.4150,75562
2024-12-04 12:36:00,69.3550,69.4099,69.3100,69.4099,68764
2024-12-04 12:35:00,69.4100,69.4400,69.2700,69.3500,132906
2024-12-04 12:34:00,69.3499,69.4400,69.3300,69.4000,170477
2024-12-04 12:33:00,69.3953,69.4000,69.3400,69.3402,80587
2024-12-04 12:32:00,69.4400,69.4500,69.3700,69.4050,137002
2024-12-04 12:31:00,69.4227,69.4900,69.4100,69.4400,103727
2024-12-04 12:30:00,69.6750,69.6899,69.4100,69.4250,273704
2024-12-04 12:29:00,69.6900,69.7400,69.6357,69.6850,85442
2024-12-04 12:28:00,69.8664,69.8664,69.6835,69.6853,212392
2024-12-04 12:27:00,69.8998,70.0600,69.8500,69.8500,430278
2024-12-04 12:26:00,69.8299,69.9000,69.8268,69.8985,54660
2024-12-04 12:25:00,69.7700,69.8400,69.7400,69.8367,57130
2024-12-04 12:24:00,69.8160,69.8299,69.7400,69.7797,67933
2024-12-04 12:23:00,69.8300,69.8800,69.8200,69.8200,54194
2024-12-04 12:22:00,69.7750,69.8750,69.7600,69.8300,73220
2024-12-04 12:21:00,69.9125,69.9200,69.7525,69.7700,115627
2024-12-04 12:20:00,69.9200,69.9500,69.9100,69.9200,56894
2024-12-04 12:19:00,69.8950,69.9500,69.8600,69.9138,82486
2024-12-04 12:18:00,69.8800,69.9200,69.8700,69.8960,40418
2024-12-04 12:17:00,69.8958,69.9150,69.8450,69.8750,61646
2024-12-04 12:16:00,69.9050,69.9450,69.8800,69.9000,92767
2024-12-04 12:15:00,69.9001,69.9100,69.8200,69.9000,72262
2024-12-04 12:14:00,69.9600,69.9750,69.9000,69.9200,70633
2024-12-04 12:13:00,69.8900,69.9800,69.8850,69.9699,135170
2024-12-04 12:12:00,69.8091,69.9000,69.7900,69.8800,60049
2024-12-04 12:11:00,69.8699,69.8699,69.7800,69.7957,50557
2024-12-04 12:10:00,69.7900,69.8800,69.7600,69.8600,38100
2024-12-04 12:09:00,69.8504,69.8800,69.7700,69.7900,68148
2024-12-04 12:08:00,69.7750,69.9400,69.7750,69.8496,192484
2024-12-04 12:07:00,69.7501,69.7800,69.7200,69.7800,59998
2024-12-04 12:06:00,69.8108,69.8500,69.7301,69.7699,93446
2024-12-04 12:05:00,69.8100,69.8600,69.7900,69.8012,95819
2024-12-04 12:04:00,69.8101,69.8650,69.8000,69.8001,69429
2024-12-04 12:03:00,69.7700,69.8800,69.7600,69.8200,110989
2024-12-04 12:02:00,69.7304,69.7900,69.7262,69.7601,60300
2024-12-04 12:01:00,69.6610,69.7400,69.6001,69.7200,99571
2024-12-04 12:00:00,69.5200,69.6904,69.5200,69.6650,67895
2024-12-04 11:59:00,69.5900,69.6500,69.5200,69.5300,90204
2024-12-04 11:58:00,69.7500,69.7700,69.5700,69.5901,127792
2024-12-04 11:57:00,69.7650,69.8299,69.7500,69.7500,107592
2024-12-04 11:56:00,69.7790,69.7800,69.7300,69.7600,67490
2024-12-04 11:55:00,69.7088,69.8500,69.7050,69.7716,132346
2024-12-04 11:54:00,69.6300,69.7000,69.6200,69.7000,44686
2024-12-04 11:53:00,69.6040,69.6300,69.6000,69.6200,31601
2024-12-04 11:52:00,69.6700,69.7000,69.5700,69.6199,73127
2024-12-04 11:51:00,69.6900,69.7000,69.6100,69.6746,79641
2024-12-04 11:50:00,69.6700,69.6950,69.6100,69.6950,71523
2024-12-04 11:49:00,69.5700,69.6900,69.5300,69.6737,112180
2024-12-04 11:48:00,69.6701,69.6800,69.5500,69.5600,59304
2024-12-04 11:47:00,69.6650,69.7300,69.6300,69.6712,77714
2024-12-04 11:46:00,69.5900,69.6700,69.5548,69.6650,64106
2024-12-04 11:45:00,69.5900,69.6300,69.5500,69.5963,66097
2024-12-04 11:44:00,69.5913,69.6100,69.5400,69.6000,54972
2024-12-04 11:43:00,69.5700,69.6100,69.5400,69.5964,69688
2024-12-04 11:42:00,69.6001,69.6100,69.5138,69.5689,93480
2024-12-04 11:41:00,69.7200,69.7535,69.6000,69.6000,96155
2024-12-04 11:40:00,69.7800,69.8000,69.6200,69.7200,87192
2024-12-04 11:39:00,69.7700,69.8000,69.6900,69.7900,119026
2024-12-04 11:38:00,69.7500,69.8000,69.7049,69.7600,105901
2024-12-04 11:37:00,69.8250,69.8500,69.7200,69.7600,102548
2024-12-04 11:36:00,69.7450,69.8799,69.7100,69.8200,151950
2024-12-04 11:35:00,69.5950,69.7800,69.5700,69.7499,234940
2024-12-04 11:34:00,69.4600,69.6500,69.4500,69.5900,235045
2024-12-04 11:33:00,69.4100,69.4800,69.3900,69.4560,61185
2024-12-04 11:32:00,69.4900,69.5050,69.4000,69.4089,55926
2024-12-04 11:31:00,69.5750,69.5800,69.3600,69.4826,144157
2024-12-04 11:30:00,69.5000,69.5800,69.4200,69.5750,103666
2024-12-04 11:29:00,69.5200,69.5799,69.4800,69.5097,115541
2024-12-04 11:28:00,69.5500,69.5500,69.5050,69.5225,44730
2024-12-04 11:27:00,69.5000,69.5900,69.5000,69.5400,109451
2024-12-04 11:26:00,69.4900,69.5300,69.4300,69.5050,89126
2024-12-04 11:25:00,69.5166,69.5465,69.4200,69.4999,155005
2024-12-04 11:24:00,69.5700,69.6200,69.5133,69.5319,104488
2024-12-04 11:23:00,69.5834,69.5994,69.5350,69.5799,63501
2024-12-04 11:22:00,69.6100,69.6200,69.5400,69.5850,100959
2024-12-04 11:21:00,69.5395,69.6184,69.4200,69.6178,126501
2024-12-04 11:20:00,69.4000,69.5800,69.3600,69.5300,159505
2024-12-04 11:19:00,69.3700,69.4000,69.2802,69.3900,120676
2024-12-04 11:18:00,69.2700,69.4569,69.2700,69.3750,131294
2024-12-04 11:17:00,69.3500,69.3900,69.2400,69.2800,168907
2024-12-04 11:16:00,69.4018,69.4199,69.3100,69.3450,194773
2024-12-04 11:15:00,69.5209,69.5400,69.4000,69.4000,158123
2024-12-04 11:14:00,69.5900,69.6200,69.5200,69.5200,89964
2024-12-04 11:13:00,69.6000,69.6300,69.5300,69.5822,84901
2024-12-04 11:12:00,69.4500,69.6100,69.4500,69.5900,148994
2024-12-04 11:11:00,69.6600,69.6700,69.4300,69.4500,259280
2024-12-04 11:10:00,69.7100,69.7100,69.6150,69.6700,116310
2024-12-04 11:09:00,69.7050,69.7950,69.6901,69.7200,112653
2024-12-04 11:08:00,69.8200,69.8300,69.7050,69.7050,101845
2024-12-04 11:07:00,69.8250,69.8500,69.7500,69.8200,101223
2024-12-04 11:06:00,69.7600,69.9000,69.7200,69.8237,120779
2024-12-04 11:05:00,69.6640,69.8600,69.6636,69.7700,126981
2024-12-04 11:04:00,69.6800,69.7400,69.6500,69.6656,72509
2024-12-04 11:03:00,69.6699,69.7040,69.6001,69.7000,97686
2024-12-04 11:02:00,69.6050,69.6799,69.5850,69.6679,118041
2024-12-04 11:01:00,69.7200,69.7200,69.5600,69.6200,251632
2024-12-04 11:00:00,69.7822,69.9600,69.7100,69.7201,259072
2024-12-04 10:59:00,69.8800,69.8999,69.7500,69.7800,140202
2024-12-04 10:58:00,69.8700,69.9200,69.8500,69.8673,122940
2024-12-04 10:57:00,69.8600,69.8950,69.8100,69.8800,84340
2024-12-04 10:56:00,69.8700,69.9200,69.7900,69.8519,137785
2024-12-04 10:55:00,69.8101,69.9200,69.8101,69.8700,168669
2024-12-04 10:54:00,69.8614,69.8873,69.7900,69.8101,114537
2024-12-04 10:53:00,69.8512,69.9200,69.8401,69.8601,157642
2024-12-04 10:52:00,69.6148,69.9000,69.6000,69.8600,197347
2024-12-04 10:51:00,69.5125,69.7000,69.5125,69.6300,181478
2024-12-04 10:50:00,69.6450,69.6452,69.4600,69.5200,203342
2024-12-04 10:49:00,69.6325,69.6597,69.5400,69.6499,202455
2024-12-04 10:48:00,69.7700,69.7999,69.6100,69.6300,228951
2024-12-04 10:47:00,69.7400,69.8200,69.7030,69.7609,148067
2024-12-04 10:46:00,69.9250,69.9799,69.7401,69.7401,223892
2024-12-04 10:45:00,69.8900,69.9500,69.8700,69.9237,157798
2024-12-04 10:44:00,69.8850,69.9200,69.7700,69.8900,158345
2024-12-04 10:43:00,69.9100,70.0000,69.8500,69.8900,134463
2024-12-04 10:42:00,69.8400,69.9450,69.7500,69.9150,298393
2024-12-04 10:41:00,69.9300,69.9300,69.7600,69.8462,211071
2024-12-04 10:40:00,69.8900,69.9400,69.8300,69.9211,227796
2024-12-04 10:39:00,69.8300,69.9100,69.7600,69.9099,264424
2024-12-04 10:38:00,69.6500,69.9100,69.6500,69.8300,341141
2024-12-04 10:37:00,69.6600,69.7000,69.6250,69.6700,155280
2024-12-04 10:36:00,69.5147,69.6900,69.5015,69.6523,145606
2024-12-04 10:35:00,69.6800,69.7099,69.4500,69.5150,324402
2024-12-04 10:34:00,69.6900,69.7599,69.5600,69.6600,298306
2024-12-04 10:33:00,69.6332,69.7499,69.6095,69.6800,359266
2024-12-04 10:32:00,69.5464,69.6499,69.5100,69.6100,301816
2024-12-04 10:31:00,69.5800,69.6200,69.4000,69.5400,304195
2024-12-04 10:30:00,69.4000,69.6200,69.3900,69.5900,424988
2024-12-04 10:29:00,69.2900,69.4250,69.2001,69.3910,250734
2024-12-04 10:28:00,69.4188,69.4200,69.2567,69.2890,255501
2024-12-04 10:27:00,69.2400,69.4600,69.2100,69.4280,295161
2024-12-04 10:26:00,69.1952,69.3000,69.1700,69.2114,113968
2024-12-04 10:25:00,69.1600,69.2460,69.1300,69.1902,98147
2024-12-04 10:24:00,69.2415,69.3200,69.1521,69.1600,168038
2024-12-04 10:23:00,69.2615,69.3600,69.1600,69.2300,221050
2024-12-04 10:22:00,69.1600,69.3500,69.1200,69.2600,227731
2024-12-04 10:21:00,69.0200,69.1700,69.0100,69.1700,131113
2024-12-04 10:20:00,69.1856,69.2399,69.0100,69.0400,211595
2024-12-04 10:19:00,69.2700,69.3290,69.1500,69.1758,247781
2024-12-04 10:18:00,69.0300,69.2800,69.0226,69.2800,230163
2024-12-04 10:17:00,68.8201,69.0500,68.8200,69.0200,178540
2024-12-04 10:16:00,69.0350,69.0800,68.8100,68.8200,312086
2024-12-04 10:15:00,69.2900,69.2900,68.9500,69.0300,444742
2024-12-04 10:14:00,69.3200,69.4300,69.1700,69.2800,257968
2024-12-04 10:13:00,69.3850,69.4650,69.1801,69.3169,443401
2024-12-04 10:12:00,69.2400,69.3900,69.1600,69.3810,317365
2024-12-04 10:11:00,69.1901,69.3100,69.1703,69.2412,199024
2024-12-04 10:10:00,69.3601,69.4000,69.1500,69.1900,326092
2024-12-04 10:09:00,69.3000,69.3900,69.0510,69.3500,443185
2024-12-04 10:08:00,69.1400,69.3300,69.0100,69.2900,460896
2024-12-04 10:07:00,68.8263,69.2000,68.8049,69.1278,485646
2024-12-04 10:06:00,68.7800,68.8500,68.7000,68.8299,308646
2024-12-04 10:05:00,68.7361,68.8500,68.6300,68.7800,529582
2024-12-04 10:04:00,69.0999,69.1200,68.6400,68.7425,724429
2024-12-04 10:03:00,69.1000,69.2700,68.9601,69.0999,606791
2024-12-04 10:02:00,68.8800,69.1500,68.8442,69.0700,535397
2024-12-04 10:01:00,69.0400,69.0800,68.8300,68.8500,540304
2024-12-04 10:00:00,69.1300,69.2200,68.9500,69.0300,1161188
2024-12-04 09:59:00,69.2800,69.3300,69.1100,69.1347,359137
2024-12-04 09:58:00,69.4300,69.4700,69.2200,69.2822,451407
2024-12-04 09:57:00,69.5379,69.5550,69.3800,69.4300,371236
2024-12-04 09:56:00,69.4800,69.6124,69.4000,69.5324,374692
2024-12-04 09:55:00,69.5618,69.6900,69.4600,69.4900,301396
2024-12-04 09:54:00,69.4900,69.8400,69.4900,69.5898,427933
2024-12-04 09:53:00,69.6410,69.7000,69.4000,69.4900,611137
2024-12-04 09:52:00,69.8852,69.8999,69.6100,69.6432,293024
2024-12-04 09:51:00,69.6200,69.9000,69.5700,69.8850,432909
2024-12-04 09:50:00,69.8199,69.9150,69.5600,69.6400,741756
2024-12-04 09:49:00,70.1750,70.2200,69.7700,69.8267,506055
2024-12-04 09:48:00,70.3365,70.3800,70.1400,70.1600,282432
2024-12-04 09:47:00,70.1500,70.3600,70.0800,70.3500,288774
2024-12-04 09:46:00,70.1499,70.1871,69.9000,70.1600,369473
2024-12-04 09:45:00,70.0600,70.2500,69.9000,70.1350,977508
2024-12-04 09:44:00,70.1000,70.1500,70.0300,70.0570,413837
2024-12-04 09:43:00,70.2300,70.4571,70.0500,70.1000,553316
2024-12-04 09:42:00,70.3600,70.4400,70.2300,70.2300,354496
2024-12-04 09:41:00,70.4900,70.6594,70.3400,70.3600,309566
2024-12-04 09:40:00,70.4000,70.5900,70.2800,70.4600,424069
2024-12-04 09:39:00,70.6100,70.6900,70.3300,70.3709,287603
2024-12-04 09:38:00,70.4400,70.6200,70.3500,70.6126,339520
2024-12-04 09:37:00,70.6600,70.7400,70.4100,70.4294,363446
2024-12-04 09:36:00,70.9300,71.0800,70.4100,70.6594,508058
2024-12-04 09:35:00,70.4400,70.9500,70.2500,70.9300,398992
2024-12-04 09:34:00,70.8236,70.8700,70.1600,70.4224,612299
2024-12-04 09:33:00,70.2600,70.9500,70.2500,70.8200,515998
2024-12-04 09:32:00,70.2700,70.7700,70.2201,70.2375,639066
2024-12-04 09:31:00,70.6300,70.7700,70.1300,70.2400,757975
2024-12-04 09:30:00,71.1300,71.1800,70.3000,70.6200,2175865
2024-12-04 09:29:00,71.0300,71.1900,70.9200,71.0000,38854
2024-12-04 09:28:00,71.1800,71.2300,71.0000,71.0300,85523
2024-12-04 09:27:00,71.4300,71.4500,71.2000,71.2699,30586
2024-12-04 09:26:00,71.3500,71.4300,71.2000,71.4300,44009
2024-12-04 09:25:00,71.0700,71.4400,71.0100,71.3500,96490
2024-12-04 09:24:00,71.0001,71.0300,70.9500,71.0100,40954
2024-12-04 09:23:00,71.0600,71.0600,70.9800,71.0300,27624
2024-12-04 09:22:00,71.0800,71.1000,71.0100,71.0600,17939
2024-12-04 09:21:00,71.1064,71.1100,71.0700,71.0800,48196
2024-12-04 09:20:00,71.0700,71.1500,71.0500,71.1100,11024
2024-12-04 09:19:00,71.1204,71.1600,71.0500,71.0601,8646
2024-12-04 09:18:00,71.1500,71.1600,71.1000,71.1400,21770
2024-12-04 09:17:00,70.9800,71.1600,70.9700,71.1410,47040
2024-12-04 09:16:00,71.1600,71.1600,70.9500,70.9700,132797
2024-12-04 09:15:00,71.2100,71.2300,71.0900,71.1101,25411
2024-12-04 09:14:00,71.3400,71.3400,71.2000,71.2000,38999
2024-12-04 09:13:00,71.3000,71.3400,71.2900,71.3400,7477
2024-12-04 09:12:00,71.2876,71.3000,71.2700,71.3000,15409
2024-12-04 09:11:00,71.2300,71.2900,71.2100,71.2800,11132
2024-12-04 09:10:00,71.2000,71.2500,71.2000,71.2300,10283
2024-12-04 09:09:00,71.2700,71.2700,71.1700,71.2299,10457
2024-12-04 09:08:00,71.2800,71.2900,71.1622,71.2601,13604
2024-12-04 09:07:00,71.2200,71.3500,71.1800,71.2700,28022
2024-12-04 09:06:00,71.2000,71.2300,71.0300,71.2000,64521
2024-12-04 09:05:00,71.0800,71.2600,71.0700,71.2000,68186
2024-12-04 09:04:00,71.4536,71.4900,71.0700,71.1000,85197
2024-12-04 09:03:00,71.4200,71.4800,71.4200,71.4800,4272
2024-12-04 09:02:00,71.4400,71.4400,71.4000,71.4393,13044
2024-12-04 09:01:00,71.4900,71.4900,71.4000,71.4250,14303
2024-12-04 09:00:00,71.5441,71.5441,71.4700,71.4800,23175
2024-12-04 08:59:00,71.5000,71.5500,71.4999,71.5100,22891
2024-12-04 08:58:00,71.4990,71.5100,71.4500,71.5000,23184
2024-12-04 08:57:00,71.5100,71.5100,71.4500,71.5000,44271
2024-12-04 08:56:00,71.5600,71.5800,71.5000,71.5100,28091
2024-12-04 08:55:00,71.6100,71.6200,71.5700,71.5764,12383
2024-12-04 08:54:00,71.6100,71.6200,71.5700,71.5800,8938
2024-12-04 08:53:00,71.6200,71.6300,71.5900,71.6000,4156
2024-12-04 08:52:00,71.6200,71.6300,71.6000,71.6299,5751
2024-12-04 08:51:00,71.6364,71.6400,71.6000,71.6100,9618
2024-12-04 08:50:00,71.6300,71.6400,71.5800,71.6300,6353
2024-12-04 08:49:00,71.5601,71.6400,71.5500,71.6300,9134
2024-12-04 08:48:00,71.5600,71.5900,71.5400,71.5700,11269
2024-12-04 08:47:00,71.6000,71.6400,71.5600,71.5776,9479
2024-12-04 08:46:00,71.6400,71.6400,71.5700,71.6000,7512
2024-12-04 08:45:00,71.6300,71.6700,71.6300,71.6300,4767
2024-12-04 08:44:00,71.5900,71.6500,71.5900,71.6500,13307
2024-12-04 08:43:00,71.5800,71.6100,71.5500,71.6100,11997
2024-12-04 08:42:00,71.6500,71.6500,71.5401,71.5700,44104
2024-12-04 08:41:00,71.6900,71.6900,71.6100,71.6400,19327
2024-12-04 08:40:00,71.7600,71.7600,71.6700,71.6900,13667
2024-12-04 08:39:00,71.7550,71.7600,71.7400,71.7400,10023
2024-12-04 08:38:00,71.7512,71.7600,71.7400,71.7500,11099
2024-12-04 08:37:00,71.7500,71.7600,71.7300,71.7500,9240
2024-12-04 08:36:00,71.7500,71.7800,71.7343,71.7600,6964
2024-12-04 08:35:00,71.7600,71.7700,71.7200,71.7236,5389
2024-12-04 08:34:00,71.7300,71.7800,71.7200,71.7676,9905
2024-12-04 08:33:00,71.7100,71.7300,71.7009,71.7200,10784
2024-12-04 08:32:00,71.6800,71.7200,71.6800,71.7000,11308
2024-12-04 08:31:00,71.6750,71.6900,71.6700,71.6900,5685
2024-12-04 08:30:00,71.6600,71.6800,71.6500,71.6800,5680
2024-12-04 08:29:00,71.6600,71.6700,71.6400,71.6600,2880
2024-12-04 08:28:00,71.6800,71.6900,71.6500,71.6699,9722
2024-12-04 08:27:00,71.5900,71.6900,71.5705,71.6900,36726
2024-12-04 08:26:00,71.6000,71.6000,71.5700,71.5900,11237
2024-12-04 08:25:00,71.5700,71.6000,71.5400,71.6000,11860
2024-12-04 08:24:00,71.5900,71.6000,71.5400,71.5900,21241
2024-12-04 08:23:00,71.6700,71.6700,71.5600,71.5600,34252
2024-12-04 08:22:00,71.5900,71.6700,71.5900,71.6700,5117
2024-12-04 08:21:00,71.6300,71.6300,71.5500,71.5810,31655
2024-12-04 08:20:00,71.6299,71.6600,71.5900,71.6300,24568
2024-12-04 08:19:00,71.6700,71.6900,71.6000,71.6000,21934
2024-12-04 08:18:00,71.6702,71.7200,71.6600,71.6700,12544
2024-12-04 08:17:00,71.7200,71.7400,71.6700,71.6900,17150
2024-12-04 08:16:00,71.7500,71.7500,71.7000,71.7300,14565
2024-12-04 08:15:00,71.7999,71.8000,71.7300,71.7500,14972
2024-12-04 08:14:00,71.8500,71.8500,71.7700,71.8000,19134
2024-12-04 08:13:00,71.8200,71.8500,71.8000,71.8500,4402
2024-12-04 08:12:00,71.8000,71.8400,71.8000,71.8200,7531
2024-12-04 08:11:00,71.7800,71.8000,71.7700,71.8000,7580
2024-12-04 08:10:00,71.7800,71.8000,71.7500,71.7792,13307
2024-12-04 08:09:00,71.8000,71.8000,71.7800,71.7991,4341
2024-12-04 08:08:00,71.8000,71.8100,71.7800,71.7824,4946
2024-12-04 08:07:00,71.7800,71.8000,71.7500,71.8000,3943
2024-12-04 08:06:00,71.7700,71.8000,71.7501,71.7700,7623
2024-12-04 08:05:00,71.7700,71.7900,71.7500,71.7891,6781
2024-12-04 08:04:00,71.8600,71.8700,71.7500,71.7699,21976
2024-12-04 08:03:00,71.8500,71.8500,71.8200,71.8400,7031
2024-12-04 08:02:00,71.8400,71.8500,71.7800,71.8300,11568
2024-12-04 08:01:00,71.7701,72.0750,71.3600,71.8400,10408
2024-12-04 08:00:00,71.8000,72.1412,70.9600,71.8000,512722
2024-12-04 07:59:00,71.7300,71.8000,71.6900,71.8000,19367
2024-12-04 07:58:00,71.7800,71.7800,71.7200,71.7200,8132
2024-12-04 07:57:00,71.8200,71.8300,71.7700,71.7800,4335
2024-12-04 07:56:00,71.8100,71.8300,71.8000,71.8300,1294
2024-12-04 07:55:00,71.8300,71.8500,71.8000,71.8200,2459
2024-12-04 07:54:00,71.8200,71.8500,71.7900,71.7900,1549
2024-12-04 07:53:00,71.7900,71.8900,71.7900,71.8700,4145
2024-12-04 07:52:00,71.8000,71.8100,71.7800,71.7800,3047
2024-12-04 07:51:00,71.8500,71.8500,71.7900,71.8200,3484
2024-12-04 07:50:00,71.9600,71.9700,71.8200,71.8500,12285
2024-12-04 07:49:00,71.9700,71.9800,71.9500,71.9600,2290
2024-12-04 07:48:00,71.8900,71.9890,71.8900,71.9500,4664
2024-12-04 07:47:00,71.9300,71.9300,71.8700,71.9000,6987
2024-12-04 07:46:00,71.9900,72.0300,71.9300,71.9300,11516
2024-12-04 07:45:00,72.0300,72.0500,71.9700,71.9900,2451
2024-12-04 07:44:00,72.0500,72.0800,72.0200,72.0400,2685
2024-12-04 07:43:00,72.0800,72.0900,72.0100,72.0400,8255
2024-12-04 07:42:00,71.9700,72.0900,71.9700,72.0700,24211
2024-12-04 07:41:00,71.9600,71.9700,71.9500,71.9700,4463
2024-12-04 07:40:00,71.9400,71.9600,71.9400,71.9600,2678
2024-12-04 07:39:00,71.9400,71.9400,71.9200,71.9400,550
2024-12-04 07:38:00,71.9400,71.9400,71.9100,71.9200,1614
2024-12-04 07:37:00,71.9300,71.9400,71.9100,71.9400,2564
2024-12-04 07:36:00,71.9300,71.9400,71.9000,71.9100,2284
2024-12-04 07:35:00,71.9100,71.9200,71.9000,71.9200,1057
2024-12-04 07:34:00,71.8900,71.9200,71.8600,71.9100,2972
2024-12-04 07:33:00,71.8700,71.8900,71.8600,71.8900,1141
2024-12-04 07:32:00,71.8500,71.8700,71.8300,71.8700,1907
2024-12-04 07:31:00,71.8400,71.8800,71.8400,71.8700,2777
2024-12-04 07:30:00,71.8000,71.8400,71.7800,71.8000,2112
2024-12-04 07:29:00,71.8100,71.8200,71.7900,71.8100,4119
2024-12-04 07:28:00,71.8300,71.8400,71.8000,71.8100,769
2024-12-04 07:27:00,71.8000,71.8300,71.8000,71.8200,4684
2024-12-04 07:26:00,71.7300,71.8190,71.7200,71.8000,12221
2024-12-04 07:25:00,71.7300,71.7500,71.7100,71.7200,3177
2024-12-04 07:24:00,71.7400,71.7690,71.7100,71.7300,8770
2024-12-04 07:23:00,71.7800,71.7800,71.7400,71.7500,2209
2024-12-04 07:22:00,71.7700,71.7900,71.7500,71.7800,2793
2024-12-04 07:21:00,71.7800,71.7900,71.7500,71.7900,5757
2024-12-04 07:20:00,71.7800,71.7800,71.7500,71.7700,3492
2024-12-04 07:19:00,71.7500,71.7900,71.7400,71.7700,2005
2024-12-04 07:18:00,71.7800,71.8200,71.7500,71.7500,3983
2024-12-04 07:17:00,71.8100,71.8200,71.7700,71.7700,1408
2024-12-04 07:16:00,71.8200,71.8290,71.7800,71.8100,2701
2024-12-04 07:15:00,71.8100,71.8700,71.8100,71.8200,1378
2024-12-04 07:14:00,71.7600,71.8400,71.7600,71.8400,6290
2024-12-04 07:13:00,71.7500,71.7990,71.7400,71.7600,4152
2024-12-04 07:12:00,71.9200,71.9200,71.7400,71.7600,34958
2024-12-04 07:11:00,71.9200,71.9690,71.9100,71.9100,7524
2024-12-04 07:10:00,71.9300,71.9400,71.9100,71.9200,2078
2024-12-04 07:09:00,71.9500,71.9600,71.9300,71.9300,321
2024-12-04 07:08:00,71.9400,71.9500,71.9200,71.9500,2075
2024-12-04 07:07:00,71.9990,72.0000,71.9300,71.9300,2527
2024-12-04 07:06:00,71.9600,71.9900,71.9500,71.9900,2789
2024-12-04 07:05:00,71.9600,71.9800,71.9500,71.9700,2786
2024-12-04 07:04:00,72.0600,72.0900,71.9600,71.9600,17472
2024-12-04 07:03:00,72.0300,72.0900,72.0300,72.0600,6892
2024-12-04 07:02:00,71.9900,72.0500,71.9800,72.0300,1511
2024-12-04 07:01:00,71.9700,72.0500,71.9700,72.0000,15239
2024-12-04 07:00:00,71.9000,72.0200,71.8900,71.9700,29914
2024-12-04 06:59:00,71.9100,71.9200,71.8500,71.9000,9350
2024-12-04 06:58:00,71.9700,71.9700,71.9200,71.9300,2068
2024-12-04 06:57:00,71.9300,71.9500,71.9200,71.9500,1913
2024-12-04 06:56:00,71.9000,71.9300,71.8800,71.9300,833
2024-12-04 06:55:00,71.8500,71.9000,71.8500,71.9000,10847
2024-12-04 06:54:00,71.9300,71.9400,71.8500,71.8600,12986
2024-12-04 06:53:00,72.0000,72.0000,71.9200,71.9400,1475
2024-12-04 06:52:00,71.9800,71.9900,71.9500,71.9900,1925
2024-12-04 06:51:00,71.9700,71.9900,71.9600,71.9700,2597
2024-12-04 06:50:00,71.9800,72.0100,71.9700,71.9900,1226
2024-12-04 06:49:00,72.0100,72.0100,71.9700,71.9800,1203
2024-12-04 06:48:00,71.9700,72.0200,71.9700,72.0200,4777
2024-12-04 06:47:00,72.0700,72.0700,71.9600,71.9600,7246
2024-12-04 06:46:00,72.0300,72.0700,72.0300,72.0500,2483
2024-12-04 06:45:00,72.0700,72.0700,72.0200,72.0300,1820
2024-12-04 06:44:00,72.1200,72.1300,72.0500,72.0500,5479
2024-12-04 06:43:00,72.1000,72.1100,72.1000,72.1000,1387
2024-12-04 06:42:00,72.1300,72.1300,72.1000,72.1100,532
2024-12-04 06:41:00,72.1000,72.1300,72.0900,72.1300,1952
2024-12-04 06:40:00,72.0800,72.1100,72.0800,72.1100,1660
2024-12-04 06:39:00,72.0500,72.0700,72.0300,72.0600,1276
2024-12-04 06:38:00,72.0700,72.0800,72.0400,72.0600,577
2024-12-04 06:37:00,72.0400,72.0700,72.0000,72.0600,2092
2024-12-04 06:36:00,72.0600,72.0700,72.0300,72.0400,1291
2024-12-04 06:35:00,72.0500,72.0500,72.0300,72.0500,1888
2024-12-04 06:34:00,72.0800,72.0800,72.0400,72.0500,2217
2024-12-04 06:33:00,72.0700,72.0800,72.0600,72.0800,601
2024-12-04 06:32:00,72.0100,72.0700,72.0100,72.0500,2600
2024-12-04 06:31:00,72.0100,72.0200,72.0000,72.0100,2962
2024-12-04 06:30:00,72.0700,72.0800,72.0000,72.0100,10305
2024-12-04 06:29:00,72.0600,72.0800,72.0500,72.0700,1135
2024-12-04 06:28:00,72.0800,72.0900,72.0500,72.0650,1373
2024-12-04 06:27:00,72.0600,72.0800,72.0500,72.0800,1665
2024-12-04 06:26:00,72.1000,72.1100,72.0600,72.0800,2347
2024-12-04 06:25:00,72.0900,72.1100,72.0800,72.1000,1421
2024-12-04 06:24:00,72.1100,72.1100,72.0700,72.1100,1252
2024-12-04 06:23:00,72.1200,72.1400,72.0700,72.0700,6305
2024-12-04 06:22:00,72.1300,72.1400,72.1000,72.1200,2202
2024-12-04 06:21:00,72.1000,72.1100,72.0700,72.1100,611
2024-12-04 06:20:00,72.1000,72.1100,72.0500,72.0900,3801
2024-12-04 06:19:00,72.1400,72.1400,72.0800,72.0900,9147
2024-12-04 06:18:00,72.1200,72.1400,72.1000,72.1200,3416
2024-12-04 06:17:00,72.1100,72.1200,72.0800,72.1000,1505
2024-12-04 06:16:00,72.1200,72.1200,72.0700,72.0800,4507
2024-12-04 06:15:00,72.1000,72.1900,72.1000,72.1300,12785
2024-12-04 06:14:00,72.1000,72.1000,72.0800,72.1000,1632
2024-12-04 06:13:00,72.0900,72.1000,72.0700,72.0900,2769
2024-12-04 06:12:00,72.0800,72.1000,72.0500,72.0900,4819
2024-12-04 06:11:00,72.0800,72.0900,72.0600,72.0800,2151
2024-12-04 06:10:00,71.9900,72.0800,71.9900,72.0800,8426
2024-12-04 06:09:00,71.9900,72.0000,71.9800,71.9900,1398
2024-12-04 06:08:00,71.9900,71.9900,71.9700,71.9700,1075
2024-12-04 06:07:00,71.9800,71.9900,71.9700,71.9900,1199
2024-12-04 06:06:00,71.9600,71.9800,71.9500,71.9800,458
2024-12-04 06:05:00,71.9900,72.0000,71.9400,71.9500,6821
2024-12-04 06:04:00,71.9800,71.9900,71.9700,71.9900,4291
2024-12-04 06:03:00,71.9900,72.0000,71.9800,71.9900,2338
2024-12-04 06:02:00,71.9900,72.0000,71.9700,71.9900,4182
2024-12-04 06:01:00,71.9700,71.9900,71.9700,71.9900,1314
2024-12-04 06:00:00,71.9700,71.9800,71.9600,71.9800,1509
2024-12-04 05:59:00,71.9700,71.9800,71.9600,71.9700,3723
2024-12-04 05:58:00,71.9500,71.9800,71.9500,71.9700,4317
2024-12-04 05:57:00,71.9500,71.9700,71.9500,71.9500,655
2024-12-04 05:56:00,71.9800,71.9800,71.9500,71.9600,2320
2024-12-04 05:55:00,71.9800,71.9800,71.9700,71.9800,3402
2024-12-04 05:54:00,71.9800,71.9800,71.9600,71.9800,895
2024-12-04 05:53:00,71.9700,71.9800,71.9700,71.9800,693
2024-12-04 05:52:00,71.9800,71.9800,71.9500,71.9700,2114
2024-12-04 05:51:00,71.9700,71.9800,71.9700,71.9800,412
2024-12-04 05:50:00,71.9200,71.9700,71.9200,71.9500,2323
2024-12-04 05:49:00,71.9100,71.9200,71.9000,71.9200,4041
2024-12-04 05:48:00,71.9000,71.9100,71.8900,71.9000,2124
2024-12-04 05:47:00,71.9100,71.9100,71.8900,71.9000,585
2024-12-04 05:46:00,71.9100,71.9300,71.9000,71.9000,11620
2024-12-04 05:45:00,71.9700,71.9700,71.9200,71.9300,2409
2024-12-04 05:44:00,71.9400,71.9700,71.9400,71.9600,189
2024-12-04 05:43:00,71.9600,71.9600,71.9300,71.9500,1626
2024-12-04 05:42:00,71.9400,72.0000,71.9300,71.9600,7751
2024-12-04 05:41:00,71.9300,71.9500,71.9100,71.9400,6530
2024-12-04 05:40:00,71.9100,71.9300,71.9000,71.9300,5746
2024-12-04 05:39:00,71.9000,71.9100,71.8900,71.9000,842
2024-12-04 05:38:00,71.8900,71.9000,71.8900,71.9000,1067
2024-12-04 05:37:00,71.8900,71.9100,71.8700,71.8900,792
2024-12-04 05:36:00,71.8900,71.8900,71.8700,71.8900,383
2024-12-04 05:35:00,71.8700,71.8900,71.8700,71.8800,643
2024-12-04 05:34:00,71.8400,71.8700,71.8400,71.8600,1940
2024-12-04 05:33:00,71.9200,71.9200,71.8500,71.8500,2893
2024-12-04 05:32:00,71.9100,71.9200,71.9000,71.9100,2018
2024-12-04 05:31:00,71.9100,71.9100,71.9000,71.9100,1139
2024-12-04 05:30:00,71.9100,71.9100,71.9000,71.9100,3196
2024-12-04 05:29:00,71.9100,71.9100,71.9000,71.9100,1313
2024-12-04 05:28:00,71.9100,71.9100,71.9000,71.9100,1392
2024-12-04 05:27:00,71.8900,71.9100,71.8700,71.9100,311
2024-12-04 05:26:00,71.8100,71.9000,71.8100,71.9000,5074
2024-12-04 05:25:00,71.8200,71.8400,71.8000,71.8000,757
2024-12-04 05:24:00,71.8200,71.8300,71.8100,71.8300,401
2024-12-04 05:23:00,71.8000,71.8200,71.7900,71.8100,331
2024-12-04 05:22:00,71.8800,71.8800,71.7700,71.7800,4199
2024-12-04 05:21:00,71.8900,71.9000,71.8600,71.8700,2295
2024-12-04 05:20:00,71.8700,71.9000,71.8600,71.8900,1788
2024-12-04 05:19:00,71.8700,71.8700,71.8500,71.8500,34
2024-12-04 05:18:00,71.9000,71.9000,71.8300,71.8400,5645
2024-12-04 05:17:00,71.9100,71.9200,71.8900,71.9000,1412
2024-12-04 05:16:00,71.9100,71.9300,71.8900,71.9100,2366
2024-12-04 05:15:00,71.8100,71.9200,71.8100,71.9100,1852
2024-12-04 05:14:00,71.9100,71.9100,71.8200,71.8200,6313
2024-12-04 05:13:00,71.9100,71.9300,71.9000,71.9000,2399
2024-12-04 05:12:00,71.9000,71.9100,71.8900,71.9100,1248
2024-12-04 05:11:00,71.9200,71.9200,71.8800,71.9000,1593
2024-12-04 05:10:00,71.9000,71.9200,71.8800,71.9200,1447
2024-12-04 05:09:00,71.8800,71.9000,71.8700,71.9000,1951
2024-12-04 05:08:00,71.8700,71.8800,71.8600,71.8700,872
2024-12-04 05:07:00,71.8400,71.8600,71.8400,71.8600,2489
2024-12-04 05:06:00,71.8300,71.8500,71.8000,71.8300,3591
2024-12-04 05:05:00,71.8100,71.8400,71.7900,71.8300,2542
2024-12-04 05:04:00,71.8000,71.8100,71.7700,71.7900,874
2024-12-04 05:03:00,71.8100,71.8100,71.7500,71.7800,2713
2024-12-04 05:02:00,71.8200,71.8400,71.8000,71.8400,319
2024-12-04 05:01:00,71.7800,71.8400,71.7800,71.8200,921
2024-12-04 05:00:00,71.8000,71.8000,71.7600,71.7800,1963
2024-12-04 04:59:00,71.8200,71.8400,71.7800,71.8000,2758
2024-12-04 04:58:00,71.8000,71.8500,71.8000,71.8100,2754
2024-12-04 04:57:00,71.8000,71.8200,71.8000,71.8100,466
2024-12-04 04:56:00,71.8000,71.8200,71.7800,71.8200,560
2024-12-04 04:55:00,71.8300,71.8300,71.7900,71.8000,2134
2024-12-04 04:54:00,71.7300,71.8300,71.7300,71.8200,4811
2024-12-04 04:53:00,71.7600,71.7700,71.7200,71.7300,1571
2024-12-04 04:52:00,71.7700,71.7700,71.7400,71.7500,2279
2024-12-04 04:51:00,71.8300,71.8300,71.7700,71.7700,3982
2024-12-04 04:50:00,71.8200,71.8400,71.8000,71.8300,1452
2024-12-04 04:49:00,71.7900,71.8100,71.7800,71.8000,2768
2024-12-04 04:48:00,71.7900,71.8100,71.7800,71.7900,1118
2024-12-04 04:47:00,71.7700,71.7900,71.7700,71.7900,1228
2024-12-04 04:46:00,71.7600,71.7900,71.7200,71.7800,3026
2024-12-04 04:45:00,71.6900,71.7900,71.6900,71.7900,2618
2024-12-04 04:44:00,71.6500,71.7000,71.6300,71.7000,1295
2024-12-04 04:43:00,71.6100,71.6800,71.6100,71.6500,1502
2024-12-04 04:42:00,71.5500,71.6300,71.5400,71.6100,17905
2024-12-04 04:41:00,71.6000,71.6000,71.5400,71.5800,11060
2024-12-04 04:40:00,71.6400,71.6400,71.6000,71.6200,3425
2024-12-04 04:39:00,71.6700,71.6900,71.6200,71.6400,6101
2024-12-04 04:38:00,71.6900,71.7100,71.6300,71.6700,6444
2024-12-04 04:37:00,71.7400,71.7400,71.6800,71.6900,2307
2024-12-04 04:36:00,71.7200,71.7500,71.7000,71.7400,478
2024-12-04 04:35:00,71.7200,71.7500,71.6800,71.7000,3293
2024-12-04 04:34:00,71.7000,71.7200,71.6700,71.7100,1992
2024-12-04 04:33:00,71.7200,71.7300,71.7000,71.7000,1127
2024-12-04 04:32:00,71.7300,71.7500,71.6600,71.7100,21570
2024-12-04 04:31:00,71.8300,71.8300,71.6700,71.7500,19600
2024-12-04 04:30:00,71.8800,71.8800,71.8300,71.8300,8070
2024-12-04 04:29:00,71.8800,71.8800,71.8700,71.8800,8503
2024-12-04 04:28:00,71.8800,71.8800,71.8600,71.8800,2565
2024-12-04 04:27:00,71.8600,71.8800,71.8600,71.8800,3439
2024-12-04 04:26:00,71.8300,71.8700,71.8200,71.8600,5843
2024-12-04 04:25:00,71.8300,71.8300,71.8100,71.8300,4742
2024-12-04 04:24:00,71.8300,71.8400,71.8200,71.8300,4441
2024-12-04 04:23:00,71.8400,71.8500,71.8200,71.8400,7645
2024-12-04 04:22:00,71.8000,71.8400,71.8000,71.8400,4840
2024-12-04 04:21:00,71.8300,71.8400,71.8000,71.8000,6903
2024-12-04 04:20:00,71.7700,71.8200,71.7600,71.8200,5713
2024-12-04 04:19:00,71.7600,71.7700,71.7500,71.7700,1369
2024-12-04 04:18:00,71.7500,71.7600,71.7500,71.7600,918
2024-12-04 04:17:00,71.7200,71.7400,71.7000,71.7400,6137
2024-12-04 04:16:00,71.6900,71.7400,71.6900,71.7200,8379
2024-12-04 04:15:00,71.6800,71.7000,71.6200,71.6800,4972
2024-12-04 04:14:00,71.7100,71.7100,71.6600,71.6900,2972
2024-12-04 04:13:00,71.6800,71.7100,71.6300,71.6900,8755
2024-12-04 04:12:00,71.7600,71.7600,71.6800,71.6800,3699
2024-12-04 04:11:00,71.7500,71.7600,71.7400,71.7600,2249
2024-12-04 04:10:00,71.6700,71.7500,71.6500,71.7500,3830
2024-12-04 04:09:00,71.6800,71.6800,71.6200,71.6800,7433
2024-12-04 04:08:00,71.6800,71.6800,71.5400,71.6700,9578
2024-12-04 04:07:00,71.7300,71.7400,71.6800,71.7000,2007
2024-12-04 04:06:00,71.7700,71.7900,71.6500,71.7100,5389
2024-12-04 04:05:00,71.8800,71.9300,71.7600,71.7700,24089
2024-12-04 04:04:00,71.7900,71.8900,71.7800,71.8900,4171
2024-12-04 04:03:00,71.8400,71.8500,71.7600,71.8000,7924
2024-12-04 04:02:00,71.7100,71.8400,71.6900,71.8400,7897
2024-12-04 04:01:00,71.7400,71.8000,71.6800,71.7100,8569
2024-12-04 04:00:00,71.4700,71.7900,71.4700,71.7300,8700
2024-12-03 19:59:00,71.5050,71.5400,71.5000,71.5400,9187
2024-12-03 19:58:00,71.5200,71.5200,71.5000,71.5050,5092
2024-12-03 19:57:00,71.5000,71.5300,71.5000,71.5200,9717
2024-12-03 19:56:00,71.5400,71.5400,71.5000,71.5150,5501
2024-12-03 19:55:00,71.5301,71.5400,71.5100,71.5400,4004
2024-12-03 19:54:00,71.5400,71.5400,71.5000,71.5400,9285
2024-12-03 19:53:00,71.5000,71.5400,71.5000,71.5400,13353
2024-12-03 19:52:00,71.5100,71.5200,71.4800,71.5000,1780
2024-12-03 19:51:00,71.5200,71.5300,71.4900,71.5000,13517
2024-12-03 19:50:00,71.5200,71.5300,71.5000,71.5200,2801
2024-12-03 19:49:00,71.5000,71.5300,71.5000,71.5100,6543
2024-12-03 19:48:00,71.4801,71.5000,71.4800,71.5000,5012
2024-12-03 19:47:00,71.4700,71.5000,71.4700,71.4900,4218
2024-12-03 19:46:00,71.4500,71.4800,71.4400,71.4798,4239
2024-12-03 19:45:00,71.4900,71.4900,71.4400,71.4500,2665
2024-12-03 19:44:00,71.4900,71.4900,71.4500,71.4700,7543
2024-12-03 19:43:00,71.4800,71.4900,71.4800,71.4900,1303
2024-12-03 19:42:00,71.4500,71.4800,71.4500,71.4800,12506
2024-12-03 19:41:00,71.4501,71.4600,71.4500,71.4600,6342
2024-12-03 19:40:00,71.4600,71.4600,71.4500,71.4600,965
2024-12-03 19:39:00,71.4400,71.4600,71.4300,71.4550,2245
2024-12-03 19:38:00,71.4500,71.4600,71.4300,71.4400,3130
2024-12-03 19:37:00,71.4500,71.4600,71.4300,71.4500,2570
2024-12-03 19:36:00,71.4200,71.4600,71.4001,71.4300,1395
2024-12-03 19:35:00,71.3900,71.4600,71.3800,71.4200,2097
2024-12-03 19:34:00,71.3998,71.4100,71.3700,71.3800,4078
2024-12-03 19:33:00,71.4400,71.4400,71.3800,71.3900,8038
2024-12-03 19:32:00,71.4500,71.4800,71.4500,71.4500,2362
2024-12-03 19:31:00,71.4800,71.5000,71.4500,71.4800,1752
2024-12-03 19:30:00,71.5000,71.5000,71.4800,71.5000,1681
2024-12-03 19:29:00,71.5000,71.5000,71.4700,71.4700,554
2024-12-03 19:28:00,71.4900,71.5300,71.4700,71.4900,5739
2024-12-03 19:27:00,71.5000,71.5000,71.4600,71.4999,6233
2024-12-03 19:26:00,71.5000,71.5000,71.4800,71.4900,2768
2024-12-03 19:25:00,71.4700,71.5000,71.4500,71.5000,3967
2024-12-03 19:24:00,71.4800,71.5000,71.4600,71.4999,4284
2024-12-03 19:23:00,71.4500,71.4900,71.4500,71.4750,2563
2024-12-03 19:22:00,71.4600,71.5000,71.4500,71.4700,1057
2024-12-03 19:21:00,71.4700,71.5000,71.4500,71.5000,1917
2024-12-03 19:20:00,71.4224,71.4700,71.4224,71.4400,1440
2024-12-03 19:19:00,71.4260,71.5000,71.4200,71.4500,1801
2024-12-03 19:18:00,71.4900,71.5200,71.4682,71.4682,2516
2024-12-03 19:17:00,71.5100,71.5300,71.4800,71.5000,1874
2024-12-03 19:16:00,71.5100,71.5300,71.5100,71.5150,1871
2024-12-03 19:15:00,71.5200,71.5300,71.5000,71.5000,1492
2024-12-03 19:14:00,71.5196,71.5300,71.5000,71.5200,1555
2024-12-03 19:13:00,71.5200,71.5300,71.5000,71.5200,1678
2024-12-03 19:12:00,71.5300,71.5300,71.4900,71.5000,1987
2024-12-03 19:11:00,71.4791,71.5300,71.4550,71.5000,5876
2024-12-03 19:10:00,71.4800,71.4900,71.4200,71.4603,1496
2024-12-03 19:09:00,71.4550,71.4900,71.4200,71.4200,652
2024-12-03 19:08:00,71.4400,71.4900,71.4100,71.4899,2029
2024-12-03 19:07:00,71.4200,71.4400,71.4000,71.4400,7919
2024-12-03 19:06:00,71.4650,71.4800,71.4100,71.4200,2380
2024-12-03 19:05:00,71.4500,71.4800,71.4248,71.4800,6182
2024-12-03 19:04:00,71.4600,71.4800,71.4100,71.4500,2629
2024-12-03 19:03:00,71.4200,71.4800,71.4100,71.4700,4792
2024-12-03 19:02:00,71.3800,71.4250,71.3772,71.4100,570
2024-12-03 19:01:00,71.3850,71.4100,71.3500,71.3600,2120
2024-12-03 19:00:00,71.4485,71.4485,71.3700,71.3700,3304
2024-12-03 18:59:00,71.4400,71.4500,71.4100,71.4200,1253
2024-12-03 18:58:00,71.4799,71.4800,71.4100,71.4103,6329
2024-12-03 18:57:00,71.4800,71.4800,71.4100,71.4600,3766
2024-12-03 18:56:00,71.4900,71.5000,71.4600,71.5000,2217
2024-12-03 18:55:00,71.5200,71.5300,71.4800,71.4800,4081
2024-12-03 18:54:00,71.5300,71.5300,71.5200,71.5300,5344
2024-12-03 18:53:00,71.5400,71.5500,71.5200,71.5300,13243
2024-12-03 18:52:00,71.5201,71.5400,71.5200,71.5400,1877
2024-12-03 18:51:00,71.5200,71.5300,71.5000,71.5300,3988
2024-12-03 18:50:00,71.4400,71.5400,71.4400,71.5300,11404
2024-12-03 18:49:00,71.4600,71.5000,71.4108,71.5000,2582
2024-12-03 18:48:00,71.4600,71.4700,71.4000,71.4600,6834
2024-12-03 18:47:00,71.4999,71.4999,71.4100,71.4600,14553
2024-12-03 18:46:00,71.4491,71.5000,71.4100,71.4900,17400
2024-12-03 18:45:00,71.3500,71.4500,71.3500,71.4400,22294
2024-12-03 18:44:00,71.3700,71.3700,71.3300,71.3300,7304
2024-12-03 18:43:00,71.3543,71.4200,71.3500,71.3504,3779
2024-12-03 18:42:00,71.3100,71.4200,71.3100,71.3850,2294
2024-12-03 18:41:00,71.4100,71.4200,71.3700,71.3700,5773
2024-12-03 18:40:00,71.4000,71.4200,71.3800,71.4200,12433
2024-12-03 18:39:00,71.3900,71.4000,71.3500,71.3800,7282
2024-12-03 18:38:00,71.3600,71.3900,71.3600,71.3900,11983
2024-12-03 18:37:00,71.3600,71.3800,71.3500,71.3700,2980
2024-12-03 18:36:00,71.3500,71.3752,71.3400,71.3500,3789
2024-12-03 18:35:00,71.3800,71.3800,71.3500,71.3700,3266
2024-12-03 18:34:00,71.3700,71.3900,71.3279,71.3800,7892
2024-12-03 18:33:00,71.3800,71.3800,71.3000,71.3400,6012
2024-12-03 18:32:00,71.3000,71.3800,71.3000,71.3600,5027
2024-12-03 18:31:00,71.3000,71.3200,71.2800,71.3000,10642
2024-12-03 18:30:00,71.2999,71.3000,71.2800,71.3000,5280
2024-12-03 18:29:00,71.2800,71.3000,71.2700,71.3000,6771
2024-12-03 18:28:00,71.2500,71.2800,71.2500,71.2800,8080
2024-12-03 18:27:00,71.2800,71.2800,71.2500,71.2600,878
2024-12-03 18:26:00,71.2314,71.2600,71.2314,71.2600,3702
2024-12-03 18:25:00,71.2500,71.2500,71.2200,71.2205,2786
2024-12-03 18:24:00,71.2300,71.2500,71.2200,71.2238,2107
2024-12-03 18:23:00,71.2400,71.2400,71.2200,71.2200,4535
2024-12-03 18:22:00,71.2100,71.2400,71.2000,71.2300,2270
2024-12-03 18:21:00,71.2199,71.2200,71.2100,71.2100,344
2024-12-03 18:20:00,71.2200,71.2200,71.2000,71.2200,3808
2024-12-03 18:19:00,71.2197,71.2200,71.2000,71.2000,1685
2024-12-03 18:18:00,71.2200,71.2200,71.2000,71.2000,4037
2024-12-03 18:17:00,71.2100,71.2200,71.2000,71.2100,4377
2024-12-03 18:16:00,71.2100,71.2200,71.2000,71.2000,965
2024-12-03 18:15:00,71.2200,71.2200,71.2000,71.2100,604
2024-12-03 18:14:00,71.2001,71.2200,71.2000,71.2100,1924
2024-12-03 18:13:00,71.2000,71.2100,71.2000,71.2000,3703
2024-12-03 18:12:00,71.2100,71.2100,71.2000,71.2100,3524
2024-12-03 18:11:00,71.2100,71.2300,71.2000,71.2098,654
2024-12-03 18:10:00,71.2097,71.2100,71.2000,71.2100,1543
2024-12-03 18:09:00,71.2000,71.2195,71.2000,71.2000,949
2024-12-03 18:08:00,71.2000,71.2200,71.2000,71.2200,1697
2024-12-03 18:07:00,71.2200,71.2200,71.2000,71.2100,8068
2024-12-03 18:06:00,71.2300,71.2300,71.2100,71.2150,1799
2024-12-03 18:05:00,71.2300,71.2300,71.2000,71.2200,489
2024-12-03 18:04:00,71.2150,71.2300,71.2000,71.2100,2886
2024-12-03 18:03:00,71.2200,71.2400,71.2000,71.2300,2326
2024-12-03 18:02:00,71.2100,71.2200,71.2000,71.2200,2168
2024-12-03 18:01:00,71.2200,71.2300,71.2000,71.2050,3528
2024-12-03 18:00:00,71.2000,71.2300,71.2000,71.2200,3119
2024-12-03 17:59:00,71.2400,71.2400,71.1900,71.2300,730
2024-12-03 17:58:00,71.2000,71.2400,71.1500,71.2200,22787
2024-12-03 17:57:00,71.1900,71.2000,71.1500,71.1989,2414
2024-12-03 17:56:00,71.1800,71.1900,71.1600,71.1900,8874
2024-12-03 17:55:00,71.1600,71.1900,71.1200,71.1750,3848
2024-12-03 17:54:00,71.1250,71.1600,71.1100,71.1599,3411
2024-12-03 17:53:00,71.1100,71.1400,71.0800,71.1400,2660
2024-12-03 17:52:00,71.1301,71.1400,71.1100,71.1400,843
2024-12-03 17:51:00,71.1300,71.1400,71.1200,71.1400,4794
2024-12-03 17:50:00,71.1200,71.1400,71.1200,71.1400,5585
2024-12-03 17:49:00,71.1400,71.1400,71.1000,71.1400,8530
2024-12-03 17:48:00,71.1100,71.1400,71.0800,71.1100,337
2024-12-03 17:47:00,71.1100,71.1400,71.0800,71.0800,2386
2024-12-03 17:46:00,71.1100,71.1700,71.0800,71.1300,3539
2024-12-03 17:45:00,71.1300,71.1400,71.1000,71.1000,2322
2024-12-03 17:44:00,71.1498,71.1500,71.1100,71.1300,2153
2024-12-03 17:43:00,71.1500,71.1500,71.1300,71.1497,816
2024-12-03 17:42:00,71.1599,71.1600,71.1300,71.1500,1121
2024-12-03 17:41:00,71.1500,71.2000,71.1300,71.1300,1519
2024-12-03 17:40:00,71.1600,71.2000,71.1300,71.1450,875
2024-12-03 17:39:00,71.1700,71.2000,71.1300,71.1300,396
2024-12-03 17:38:00,71.1300,71.2000,71.0900,71.1500,4250
2024-12-03 17:37:00,71.1050,71.1900,71.0800,71.1020,3354
2024-12-03 17:36:00,71.1100,71.1385,71.0800,71.1100,1680
2024-12-03 17:35:00,71.1000,71.1400,71.0900,71.1100,1148
2024-12-03 17:34:00,71.1000,71.1000,71.0800,71.0900,549
2024-12-03 17:33:00,71.1000,71.1000,71.0700,71.1000,1271
2024-12-03 17:32:00,71.0999,71.1000,71.0700,71.0700,1547
2024-12-03 17:31:00,71.0900,71.1000,71.0800,71.1000,1963
2024-12-03 17:30:00,71.0800,71.1000,71.0700,71.0900,1986
2024-12-03 17:29:00,71.1000,71.1700,71.0700,71.1000,11241
2024-12-03 17:28:00,71.1000,71.1000,71.0800,71.0900,2541
2024-12-03 17:27:00,71.1100,71.1100,71.0800,71.0998,175
2024-12-03 17:26:00,71.1600,71.1600,71.0800,71.0800,16872
2024-12-03 17:25:00,71.1500,71.1700,71.1400,71.1400,3731
2024-12-03 17:24:00,71.1500,71.1700,71.1300,71.1700,1464
2024-12-03 17:23:00,71.1500,71.1700,71.1400,71.1700,988
2024-12-03 17:22:00,71.1600,71.2000,71.1400,71.1700,1346
2024-12-03 17:21:00,71.1500,71.2000,71.1200,71.1500,2405
2024-12-03 17:20:00,71.1300,71.1500,71.1100,71.1200,2135
2024-12-03 17:19:00,71.1400,71.1500,71.1100,71.1300,618
2024-12-03 17:18:00,71.1199,71.2000,71.1100,71.1499,6195
2024-12-03 17:17:00,71.1100,71.1400,71.1100,71.1101,5543
2024-12-03 17:16:00,71.1102,71.1200,71.1100,71.1100,4324
2024-12-03 17:15:00,71.1103,71.1200,71.1100,71.1200,2502
2024-12-03 17:14:00,71.1100,71.1400,71.1100,71.1101,829
2024-12-03 17:13:00,71.1300,71.1500,71.1300,71.1400,3676
2024-12-03 17:12:00,71.0950,71.1316,71.0950,71.1316,3325
2024-12-03 17:11:00,71.0700,71.1100,71.0600,71.0900,1105
2024-12-03 17:10:00,71.0600,71.0700,71.0600,71.0700,4051
2024-12-03 17:09:00,71.0650,71.0700,71.0600,71.0601,1137
2024-12-03 17:08:00,71.0650,71.0700,71.0600,71.0698,4552
2024-12-03 17:07:00,71.0700,71.0700,71.0600,71.0698,6996
2024-12-03 17:06:00,71.1000,71.1000,71.0600,71.0601,6291
2024-12-03 17:05:00,71.1100,71.1100,71.0900,71.1000,8451
2024-12-03 17:04:00,71.1100,71.1200,71.1000,71.1000,1103
2024-12-03 17:03:00,71.1200,71.1300,71.1000,71.1000,1538
2024-12-03 17:02:00,71.1400,71.1400,71.1100,71.1299,1700
2024-12-03 17:01:00,71.1400,71.1400,71.1100,71.1400,1559
2024-12-03 17:00:00,71.1200,71.1500,71.1000,71.1100,2962
2024-12-03 16:59:00,71.1250,71.1700,71.1200,71.1350,2141
2024-12-03 16:58:00,71.1500,71.1600,71.1200,71.1200,6819
2024-12-03 16:57:00,71.1100,71.1500,71.1100,71.1400,3565
2024-12-03 16:56:00,71.1498,71.1500,71.1000,71.1000,2671
2024-12-03 16:55:00,71.1300,71.1500,71.1300,71.1500,6553
2024-12-03 16:54:00,71.1300,71.1500,71.1000,71.1200,4495
2024-12-03 16:53:00,71.1491,71.1600,71.1100,71.1500,2645
2024-12-03 16:52:00,71.1300,71.1500,71.1200,71.1300,5463
2024-12-03 16:51:00,71.1500,71.1800,71.1300,71.1400,4535
2024-12-03 16:50:00,71.1800,71.1800,71.1400,71.1800,553
2024-12-03 16:49:00,71.1300,71.1800,71.1300,71.1400,4101
2024-12-03 16:48:00,71.2200,71.2400,71.1500,71.1600,13484
2024-12-03 16:47:00,71.2000,71.2400,71.1600,71.2100,5746
2024-12-03 16:46:00,71.2000,71.2000,70.9600,71.2000,35500
2024-12-03 16:45:00,71.1700,71.2000,71.1600,71.1992,3966
2024-12-03 16:44:00,71.1600,71.2000,71.1600,71.1700,5561
2024-12-03 16:43:00,71.1538,71.1900,71.1500,71.1608,3881
2024-12-03 16:42:00,71.1600,71.2000,71.1500,71.1884,1531
2024-12-03 16:41:00,71.1800,71.2000,71.1500,71.1900,4568
2024-12-03 16:40:00,71.2100,71.2197,71.1600,71.2000,2427
2024-12-03 16:39:00,71.1500,71.2100,71.1400,71.2100,12622
2024-12-03 16:38:00,71.1300,71.2200,71.1300,71.1500,2901
2024-12-03 16:37:00,71.1100,71.1500,71.0950,71.1300,5199
2024-12-03 16:36:00,71.1200,71.1400,71.0900,71.0950,10069
2024-12-03 16:35:00,71.1300,71.1500,71.1200,71.1400,3912
2024-12-03 16:34:00,71.1600,71.1600,71.1300,71.1500,8255
2024-12-03 16:33:00,71.1397,71.2000,71.1300,71.1500,3725
2024-12-03 16:32:00,71.1500,71.1500,70.9600,71.1400,7990
2024-12-03 16:31:00,71.1800,71.2000,71.1500,71.1500,4592
2024-12-03 16:30:00,71.2390,71.2400,71.1600,71.1700,6208
2024-12-03 16:29:00,71.1900,71.2500,71.1713,71.2300,7500
2024-12-03 16:28:00,71.1783,71.2000,71.1300,71.1900,12067
2024-12-03 16:27:00,71.1400,71.1800,71.1000,71.1800,4367
2024-12-03 16:26:00,71.1295,71.1500,71.0800,71.1487,6823
2024-12-03 16:25:00,71.0800,71.1500,71.0700,71.1300,2160
2024-12-03 16:24:00,71.1040,71.1200,71.0700,71.1000,1239
2024-12-03 16:23:00,71.0700,71.1200,71.0700,71.0800,4612
2024-12-03 16:22:00,71.0400,71.0800,71.0200,71.0800,9192
2024-12-03 16:21:00,71.0401,71.0800,71.0300,71.0799,1507
2024-12-03 16:20:00,71.0800,71.1800,70.9600,71.0795,19805
2024-12-03 16:19:00,71.0900,71.0900,71.0300,71.0600,5262
2024-12-03 16:18:00,71.0200,71.0900,71.0000,71.0900,1282
2024-12-03 16:17:00,71.0500,71.1000,71.0100,71.0200,5899
2024-12-03 16:16:00,71.0000,71.0600,71.0000,71.0500,8041
2024-12-03 16:15:00,71.1500,71.1500,70.9600,71.0011,14030
2024-12-03 16:14:00,71.1000,71.1500,71.0500,71.1000,8025
2024-12-03 16:13:00,71.1000,71.1500,71.0500,71.1012,7013
2024-12-03 16:12:00,71.1511,71.1900,71.0700,71.0992,11882
2024-12-03 16:11:00,71.2296,71.2300,70.9600,71.1900,80176
2024-12-03 16:10:00,71.2402,71.2900,71.2100,71.2100,4842
2024-12-03 16:09:00,71.2400,71.2700,71.2200,71.2700,5572
2024-12-03 16:08:00,71.2500,71.2800,71.2200,71.2500,10011
2024-12-03 16:07:00,71.2500,71.2900,71.2300,71.2500,14145
2024-12-03 16:06:00,71.2500,71.2900,71.2400,71.2700,8311
2024-12-03 16:05:00,71.2900,71.3500,70.9600,71.2700,19199
2024-12-03 16:04:00,71.2700,71.3600,71.2600,71.3195,19467
2024-12-03 16:03:00,71.1950,71.3500,70.9600,71.2700,34641
2024-12-03 16:02:00,71.0700,71.2400,70.9600,71.1900,102713
2024-12-03 16:01:00,70.9900,71.0700,70.9600,71.0200,14606
2024-12-03 16:00:00,70.9700,71.0500,70.9000,70.9900,7044017
2024-12-03 15:59:00,70.9900,71.0100,70.9200,70.9700,864734
2024-12-03 15:58:00,70.9800,71.0600,70.9800,71.0000,445401
2024-12-03 15:57:00,71.0250,71.0781,70.9600,70.9800,398629
2024-12-03 15:56:00,70.9750,71.0800,70.9650,71.0200,296050
2024-12-03 15:55:00,71.2000,71.2000,70.9000,70.9800,627373
2024-12-03 15:54:00,71.3100,71.3600,71.1400,71.2200,437594
2024-12-03 15:53:00,71.3050,71.3600,71.3000,71.3150,267046
2024-12-03 15:52:00,71.3350,71.3700,71.2650,71.3100,252703
2024-12-03 15:51:00,71.2400,71.3500,71.1401,71.3300,375516
2024-12-03 15:50:00,71.1500,71.2699,71.1401,71.2400,288714
2024-12-03 15:49:00,71.1334,71.1870,71.0600,71.1400,197267
2024-12-03 15:48:00,70.9700,71.1500,70.9700,71.1300,171738
2024-12-03 15:47:00,71.0204,71.0400,70.9500,70.9660,172861
2024-12-03 15:46:00,70.9960,71.1200,70.9000,71.0270,246992
2024-12-03 15:45:00,70.9800,71.0550,70.9800,71.0000,193667
2024-12-03 15:44:00,70.9983,71.0100,70.9700,70.9850,111996
2024-12-03 15:43:00,71.0338,71.0399,70.9800,70.9950,273016
2024-12-03 15:42:00,71.2100,71.2155,71.0300,71.0400,230755
2024-12-03 15:41:00,71.2200,71.2700,71.1800,71.2150,182090
2024-12-03 15:40:00,71.2200,71.2899,71.2000,71.2201,188090
2024-12-03 15:39:00,71.1500,71.2299,71.1500,71.2150,160060
2024-12-03 15:38:00,71.1900,71.2200,71.1300,71.1600,160473
2024-12-03 15:37:00,71.3100,71.3100,71.1800,71.1900,230042
2024-12-03 15:36:00,71.2800,71.3300,71.2600,71.3100,174771
2024-12-03 15:35:00,71.2385,71.3200,71.2348,71.2800,197964
2024-12-03 15:34:00,71.2560,71.2699,71.2200,71.2400,133398
2024-12-03 15:33:00,71.2450,71.3000,70.0000,71.2501,358062
2024-12-03 15:32:00,71.1200,71.2800,71.1083,71.2400,333081
2024-12-03 15:31:00,71.0610,71.1400,71.0550,71.1400,200865
2024-12-03 15:30:00,71.0450,71.0800,71.0200,71.0619,100527
2024-12-03 15:29:00,71.0776,71.0900,71.0401,71.0460,91063
2024-12-03 15:28:00,71.0850,71.0900,71.0600,71.0900,81011
2024-12-03 15:27:00,71.0300,71.0900,71.0300,71.0850,100049
2024-12-03 15:26:00,70.9400,71.0900,70.9100,71.0400,138405
2024-12-03 15:25:00,70.9600,71.0000,70.9300,70.9399,92372
2024-12-03 15:24:00,71.0218,71.0400,70.9400,70.9600,139690
2024-12-03 15:23:00,71.0601,71.0700,71.0100,71.0240,139154
2024-12-03 15:22:00,70.9700,71.0800,70.9600,71.0800,165105
2024-12-03 15:21:00,70.9803,71.0000,70.9500,70.9800,128456
2024-12-03 15:20:00,70.9000,70.9900,70.8950,70.9800,137458
2024-12-03 15:19:00,70.7750,70.9200,70.7700,70.8900,127953
2024-12-03 15:18:00,70.8350,70.8500,70.7500,70.7800,136187
2024-12-03 15:17:00,70.8719,70.9000,70.7701,70.8399,148092
2024-12-03 15:16:00,70.9019,70.9100,70.8500,70.8730,139521
2024-12-03 15:15:00,70.9200,70.9300,70.8800,70.9000,81860
2024-12-03 15:14:00,70.8200,70.9500,70.8150,70.9300,133265
2024-12-03 15:13:00,70.8383,70.8600,70.7800,70.8148,183660
2024-12-03 15:12:00,70.9250,70.9300,70.8300,70.8350,113713
2024-12-03 15:11:00,70.9950,71.0000,70.8900,70.9300,177807
2024-12-03 15:10:00,71.0450,71.0600,70.9900,70.9950,75728
2024-12-03 15:09:00,71.0802,71.0950,70.9801,71.0420,147056
2024-12-03 15:08:00,71.0600,71.1300,71.0526,71.0899,89221
2024-12-03 15:07:00,71.0814,71.1600,71.0400,71.0500,191780
2024-12-03 15:06:00,70.8650,71.0900,70.8601,71.0894,177602
2024-12-03 15:05:00,70.8900,70.9150,70.8603,70.8700,104397
2024-12-03 15:04:00,70.8700,70.9200,70.8500,70.8850,165325
2024-12-03 15:03:00,70.9150,70.9250,70.8700,70.8750,158249
2024-12-03 15:02:00,70.9806,70.9900,70.9100,70.9110,106331
2024-12-03 15:01:00,71.0450,71.0450,70.9500,70.9802,145494
2024-12-03 15:00:00,71.0700,71.1200,71.0301,71.0402,98293
2024-12-03 14:59:00,71.1050,71.1100,71.0500,71.0600,99449
2024-12-03 14:58:00,71.1355,71.1500,71.1081,71.1081,68505
2024-12-03 14:57:00,71.1100,71.1500,71.0138,71.1350,116938
2024-12-03 14:56:00,71.0835,71.1200,71.0400,71.1100,86142
2024-12-03 14:55:00,71.0472,71.1000,71.0413,71.0850,76553
2024-12-03 14:54:00,71.0200,71.0500,70.9900,71.0499,77297
2024-12-03 14:53:00,71.0100,71.0700,70.9800,71.0100,126761
2024-12-03 14:52:00,71.1513,71.1600,70.9900,71.0100,152400
2024-12-03 14:51:00,71.2121,71.2200,71.1200,71.1400,104083
2024-12-03 14:50:00,71.1438,71.2200,71.1100,71.2200,144133
2024-12-03 14:49:00,71.1289,71.1700,71.0600,71.1500,151336
2024-12-03 14:48:00,70.9402,71.1550,70.9402,71.1200,247875
2024-12-03 14:47:00,70.8750,70.9700,70.8750,70.9400,128199
2024-12-03 14:46:00,70.9600,70.9800,70.8500,70.8750,145973
2024-12-03 14:45:00,71.0100,71.0100,70.9100,70.9536,119773
2024-12-03 14:44:00,70.9900,71.0500,70.9650,71.0001,143196
2024-12-03 14:43:00,70.8800,70.9900,70.8600,70.9900,114751
2024-12-03 14:42:00,70.9500,70.9800,70.8650,70.8850,117697
2024-12-03 14:41:00,70.9881,71.0400,70.9400,70.9482,125563
2024-12-03 14:40:00,70.8973,71.0500,70.8300,70.9701,303443
2024-12-03 14:39:00,70.9650,70.9700,70.8900,70.8950,207545
2024-12-03 14:38:00,71.0200,71.0300,70.9200,70.9650,235733
2024-12-03 14:37:00,71.0100,71.0800,70.9900,71.0200,185436
2024-12-03 14:36:00,71.0838,71.1000,71.0000,71.0000,123073
2024-12-03 14:35:00,71.1700,71.1800,71.0600,71.0900,134374
2024-12-03 14:34:00,71.1657,71.2000,71.1200,71.1650,109080
2024-12-03 14:33:00,71.1880,71.2000,71.1200,71.1700,183368
2024-12-03 14:32:00,71.2500,71.3300,71.1800,71.1801,175555
2024-12-03 14:31:00,71.2300,71.3500,71.1600,71.2430,362143
2024-12-03 14:30:00,71.1200,71.2500,71.1101,71.2200,199710
2024-12-03 14:29:00,71.1450,71.2300,71.1100,71.1100,205851
2024-12-03 14:28:00,71.1750,71.2000,71.1450,71.1499,93166
2024-12-03 14:27:00,71.2200,71.2400,71.1700,71.1789,93837
2024-12-03 14:26:00,71.2200,71.2300,71.1800,71.2100,147292
2024-12-03 14:25:00,71.1082,71.2150,71.1000,71.1875,74379
2024-12-03 14:24:00,71.1950,71.2400,71.1000,71.1050,165233
2024-12-03 14:23:00,71.1025,71.2500,71.1000,71.1900,173872
2024-12-03 14:22:00,71.1200,71.1300,71.0501,71.1100,97885
2024-12-03 14:21:00,71.1200,71.1500,71.0300,71.1200,115273
2024-12-03 14:20:00,71.2074,71.2100,71.1000,71.1200,110632
2024-12-03 14:19:00,71.1826,71.2100,71.1400,71.2087,142810
2024-12-03 14:18:00,71.0980,71.2000,71.0901,71.1850,146122
2024-12-03 14:17:00,71.0800,71.1200,71.0600,71.0900,129333
2024-12-03 14:16:00,71.0200,71.1354,71.0100,71.0783,171515
2024-12-03 14:15:00,71.0662,71.1100,70.9600,71.0200,245520
2024-12-03 14:14:00,71.1700,71.1700,71.0550,71.0700,154197
2024-12-03 14:13:00,71.1300,71.2000,71.0930,71.1699,144066
2024-12-03 14:12:00,71.1980,71.2400,71.0300,71.1399,230920
2024-12-03 14:11:00,71.1995,71.2500,71.1500,71.1900,234555
2024-12-03 14:10:00,71.2282,71.2800,71.1800,71.1900,331346
2024-12-03 14:09:00,71.2100,71.2450,71.1100,71.2238,295515
2024-12-03 14:08:00,71.0054,71.2250,71.0026,71.2101,411348
2024-12-03 14:07:00,70.9072,71.0200,70.8900,71.0000,212532
2024-12-03 14:06:00,70.9900,70.9900,70.8200,70.9000,205295
2024-12-03 14:05:00,70.9773,71.0200,70.9500,71.0000,261079
2024-12-03 14:04:00,70.9401,70.9799,70.8800,70.9732,151323
2024-12-03 14:03:00,70.7977,70.9600,70.7828,70.9499,124584
2024-12-03 14:02:00,70.7818,70.8600,70.7700,70.7997,170619
2024-12-03 14:01:00,70.8387,70.8610,70.7600,70.7796,152816
2024-12-03 14:00:00,70.9100,70.9100,70.7600,70.8399,242589
2024-12-03 13:59:00,70.9650,71.0300,70.8700,70.9099,545554
2024-12-03 13:58:00,70.9601,70.9800,70.9000,70.9672,266025
2024-12-03 13:57:00,70.8050,70.9800,70.7201,70.9601,243974
2024-12-03 13:56:00,70.7489,70.8100,70.7010,70.8078,165861
2024-12-03 13:55:00,70.7350,70.7900,70.7350,70.7500,159256
2024-12-03 13:54:00,70.8000,70.8100,70.7100,70.7350,169688
2024-12-03 13:53:00,70.7702,70.8299,70.7500,70.8048,113778
2024-12-03 13:52:00,70.7200,70.8110,70.7200,70.7868,164090
2024-12-03 13:51:00,70.8300,70.8700,70.7100,70.7269,245510
2024-12-03 13:50:00,70.7712,70.8500,70.7600,70.8254,210105
2024-12-03 13:49:00,70.7503,70.8100,70.7500,70.7779,165683
2024-12-03 13:48:00,70.6500,70.8100,70.6200,70.7550,181912
2024-12-03 13:47:00,70.5600,70.6700,70.5300,70.6600,137256
2024-12-03 13:46:00,70.5910,70.6700,70.5200,70.5500,249697
2024-12-03 13:45:00,70.8100,70.8400,69.8450,70.5901,347472
2024-12-03 13:44:00,70.6700,70.8800,70.6650,70.8100,319835
2024-12-03 13:43:00,70.5109,70.7778,70.5101,70.6700,248517
2024-12-03 13:42:00,70.6149,70.6800,70.5000,70.5100,194353
2024-12-03 13:41:00,70.7150,70.7150,70.5300,70.6150,342413
2024-12-03 13:40:00,70.5800,70.8050,70.5800,70.7150,509464
2024-12-03 13:39:00,70.5500,70.5900,69.9403,70.5800,147938
2024-12-03 13:38:00,70.5400,70.6500,70.5200,70.5550,280467
2024-12-03 13:37:00,70.6201,70.6400,70.3700,70.5450,348579
2024-12-03 13:36:00,70.4691,70.6700,70.4600,70.6201,479726
2024-12-03 13:35:00,70.1544,70.6178,70.0000,70.4700,1500324
2024-12-03 13:34:00,70.0000,70.4600,69.9900,70.1500,698443
2024-12-03 13:33:00,69.9650,70.0100,69.9650,70.0000,100002
2024-12-03 13:32:00,70.0000,70.0000,69.9601,69.9650,60848
2024-12-03 13:31:00,69.9900,70.0500,69.9700,69.9900,129657
2024-12-03 13:30:00,70.0000,70.0000,69.9500,69.9872,92629
2024-12-03 13:29:00,69.9884,70.0000,69.9850,70.0000,47072
2024-12-03 13:28:00,69.9750,69.9900,69.9400,69.9850,55085
2024-12-03 13:27:00,69.9815,70.0000,69.9800,69.9842,92359
2024-12-03 13:26:00,69.9800,69.9900,69.9700,69.9838,64602
2024-12-03 13:25:00,69.9681,70.0000,69.9500,69.9800,64913
2024-12-03 13:24:00,69.8599,69.9900,69.8500,69.9700,111104
2024-12-03 13:23:00,69.9200,69.9300,69.8200,69.8599,73142
2024-12-03 13:22:00,69.9865,69.9900,69.9000,69.9100,59407
2024-12-03 13:21:00,69.9400,69.9899,69.8900,69.9800,159845
2024-12-03 13:20:00,69.9857,70.0900,69.9400,69.9450,284499
2024-12-03 13:19:00,69.9501,70.0000,69.9500,69.9850,203234
2024-12-03 13:18:00,69.9899,70.0000,69.9501,69.9600,99836
2024-12-03 13:17:00,69.9801,70.0000,69.9750,69.9849,104474
2024-12-03 13:16:00,69.9689,69.9900,69.9689,69.9900,41980
2024-12-03 13:15:00,69.9730,69.9801,69.9400,69.9682,48605
2024-12-03 13:14:00,69.9601,69.9800,69.9600,69.9700,22015
2024-12-03 13:13:00,69.9601,70.0000,69.9550,69.9700,89097
2024-12-03 13:12:00,69.9913,69.9950,69.9101,69.9700,73310
2024-12-03 13:11:00,69.9700,70.0000,69.9650,69.9901,127562
2024-12-03 13:10:00,69.9400,69.9700,69.9300,69.9662,54142
2024-12-03 13:09:00,69.9200,69.9458,69.9200,69.9400,40231
2024-12-03 13:08:00,69.9750,69.9800,69.9300,69.9300,40674
2024-12-03 13:07:00,69.9650,69.9799,69.9600,69.9750,40931
2024-12-03 13:06:00,69.9650,69.9700,69.9200,69.9650,22798
2024-12-03 13:05:00,69.9750,70.0000,69.9100,69.9699,136831
2024-12-03 13:04:00,69.9700,69.9799,69.9350,69.9780,52001
2024-12-03 13:03:00,69.8750,69.9900,69.8750,69.9686,116706
2024-12-03 13:02:00,69.8800,69.8899,69.7962,69.8800,101821
2024-12-03 13:01:00,69.8500,69.9800,69.8500,69.8800,145346
2024-12-03 13:00:00,69.9250,69.9299,69.8500,69.8500,63123
2024-12-03 12:59:00,69.9099,69.9400,69.8900,69.9250,59999
2024-12-03 12:58:00,69.8650,69.9100,69.8501,69.9000,55674
2024-12-03 12:57:00,69.8400,69.8994,69.8301,69.8700,91573
2024-12-03 12:56:00,69.8883,69.8900,69.7900,69.8400,60043
2024-12-03 12:55:00,69.8587,69.9100,69.8500,69.8900,64010
2024-12-03 12:54:00,69.8399,69.8700,69.8000,69.8550,56154
2024-12-03 12:53:00,69.7940,69.8399,69.7500,69.8350,87731
2024-12-03 12:52:00,69.8400,69.8600,69.7500,69.7950,96526
2024-12-03 12:51:00,69.8150,69.8500,69.7600,69.8500,59645
2024-12-03 12:50:00,69.7650,69.8500,69.7600,69.8300,71490
2024-12-03 12:49:00,69.8800,69.8800,69.7600,69.7650,93469
2024-12-03 12:48:00,69.8100,69.8900,69.8050,69.8756,81417
2024-12-03 12:47:00,69.8550,69.8700,69.8000,69.8068,107069
2024-12-03 12:46:00,69.9418,69.9418,69.8331,69.8550,82182
2024-12-03 12:45:00,69.9500,69.9500,69.9100,69.9500,39964
2024-12-03 12:44:00,69.9639,69.9900,69.9300,69.9550,59523
2024-12-03 12:43:00,69.9600,69.9800,69.9000,69.9618,82386
2024-12-03 12:42:00,69.9700,69.9900,69.9500,69.9584,64829
2024-12-03 12:41:00,69.9820,70.0000,69.9600,69.9700,58705
2024-12-03 12:40:00,69.9299,70.0000,69.9250,69.9800,181817
2024-12-03 12:39:00,69.9300,69.9350,69.8950,69.9300,69573
2024-12-03 12:38:00,69.9185,69.9800,69.9185,69.9250,78224
2024-12-03 12:37:00,69.8800,69.9400,69.8700,69.9112,53612
2024-12-03 12:36:00,69.8000,69.8900,69.7800,69.8800,74615
2024-12-03 12:35:00,69.9178,69.9200,69.8100,69.8100,74714
2024-12-03 12:34:00,69.9488,69.9700,69.8700,69.9131,70055
2024-12-03 12:33:00,69.9450,69.9600,69.9200,69.9491,64386
2024-12-03 12:32:00,69.9416,70.0000,69.9200,69.9500,63770
2024-12-03 12:31:00,69.9662,70.0000,69.9100,69.9600,116251
2024-12-03 12:30:00,69.9600,70.0000,69.9600,69.9679,120548
2024-12-03 12:29:00,69.8950,69.9800,69.8900,69.9699,94511
2024-12-03 12:28:00,69.7700,69.9000,69.7700,69.9000,99286
2024-12-03 12:27:00,69.8099,69.8599,69.7600,69.7652,64377
2024-12-03 12:26:00,69.8499,69.8700,69.7800,69.8064,110843
2024-12-03 12:25:00,69.9100,69.9200,69.8300,69.8300,83047
2024-12-03 12:24:00,69.9750,69.9900,69.9000,69.9100,59238
2024-12-03 12:23:00,69.9450,69.9900,69.9350,69.9750,57027
2024-12-03 12:22:00,69.9200,70.0000,69.8800,69.9551,72732
2024-12-03 12:21:00,69.9916,70.0300,69.9002,69.9200,89070
2024-12-03 12:20:00,69.9101,70.0000,69.9000,70.0000,99387
2024-12-03 12:19:00,70.0700,70.1350,69.8200,69.9200,298332
2024-12-03 12:18:00,69.9500,70.0800,69.9450,70.0800,149046
2024-12-03 12:17:00,69.9650,70.0100,69.9500,69.9501,153318
2024-12-03 12:16:00,69.9300,69.9750,69.9200,69.9650,59126
2024-12-03 12:15:00,69.9600,69.9600,69.8900,69.9299,67990
2024-12-03 12:14:00,69.9750,69.9800,69.9300,69.9556,70965
2024-12-03 12:13:00,69.9700,70.0050,69.9600,69.9717,118777
2024-12-03 12:12:00,69.9450,70.0000,69.9100,69.9757,168309
2024-12-03 12:11:00,69.9050,69.9600,69.8700,69.9499,95590
2024-12-03 12:10:00,69.8200,69.9100,69.8200,69.9001,75783
2024-12-03 12:09:00,69.8852,69.8999,69.7701,69.8200,71707
2024-12-03 12:08:00,69.8900,69.9150,69.8300,69.8800,86760
2024-12-03 12:07:00,69.7258,69.9050,69.7258,69.8950,88381
2024-12-03 12:06:00,69.8600,69.8800,69.6100,69.7188,240059
2024-12-03 12:05:00,69.9400,69.9500,69.8500,69.8661,96523
2024-12-03 12:04:00,69.9201,69.9900,69.9100,69.9400,66851
2024-12-03 12:03:00,69.9700,70.0000,69.9200,69.9289,88976
2024-12-03 12:02:00,70.0000,70.0000,69.9600,69.9680,67648
2024-12-03 12:01:00,69.9300,70.0000,69.9120,69.9985,148801
2024-12-03 12:00:00,69.9400,69.9700,69.8600,69.9300,68664
2024-12-03 11:59:00,69.9300,69.9682,69.9150,69.9400,41153
2024-12-03 11:58:00,69.9000,69.9800,69.8900,69.9200,72087
2024-12-03 11:57:00,69.9350,69.9495,69.8200,69.8900,106545
2024-12-03 11:56:00,69.9747,69.9800,69.9000,69.9365,43128
2024-12-03 11:55:00,69.9961,70.0200,69.9300,69.9700,124897
2024-12-03 11:54:00,69.9940,70.0150,69.9700,70.0000,121251
2024-12-03 11:53:00,69.9800,70.0200,69.9500,70.0000,299874
2024-12-03 11:52:00,69.9488,70.0000,69.9000,69.9900,93673
2024-12-03 11:51:00,69.8500,69.9599,69.8100,69.9450,77693
2024-12-03 11:50:00,69.8623,69.9498,69.8200,69.8616,84863
2024-12-03 11:49:00,69.8387,69.9300,69.8350,69.8519,96267
2024-12-03 11:48:00,69.9700,69.9900,69.8110,69.8200,133284
2024-12-03 11:47:00,69.9631,70.0000,69.9300,69.9636,61691
2024-12-03 11:46:00,69.9750,70.0300,69.9400,69.9700,168543
2024-12-03 11:45:00,69.8896,69.9799,69.8400,69.9750,129109
2024-12-03 11:44:00,69.8720,69.9400,69.8600,69.8900,103604
2024-12-03 11:43:00,69.7500,69.9450,69.7401,69.8800,163503
2024-12-03 11:42:00,69.7658,69.8000,69.6208,69.7434,212246
2024-12-03 11:41:00,69.8050,69.8600,69.7200,69.7761,192829
2024-12-03 11:40:00,69.9200,69.9400,69.7999,69.8003,186754
2024-12-03 11:39:00,69.9744,70.0050,69.9001,69.9001,132577
2024-12-03 11:38:00,69.9950,70.2000,69.9600,69.9800,245267
2024-12-03 11:37:00,69.9750,70.0250,69.9200,69.9902,127046
2024-12-03 11:36:00,69.9600,70.0100,69.8800,69.9791,125077
2024-12-03 11:35:00,70.0530,70.0600,69.8200,69.9401,237369
2024-12-03 11:34:00,69.9574,70.0700,69.9100,70.0600,177751
2024-12-03 11:33:00,70.2243,70.2300,69.9200,69.9500,342196
2024-12-03 11:32:00,70.2040,70.4000,70.1900,70.2218,255530
2024-12-03 11:31:00,70.1400,70.2800,70.0600,70.1900,281975
2024-12-03 11:30:00,70.1000,70.3600,70.0100,70.1400,576161
2024-12-03 11:29:00,70.0450,70.1068,70.0100,70.0700,320426
2024-12-03 11:28:00,69.9950,70.0500,69.9610,70.0500,443141
2024-12-03 11:27:00,69.9700,70.0000,69.9500,69.9999,133573
2024-12-03 11:26:00,69.8550,70.0000,69.8000,69.9700,497107
2024-12-03 11:25:00,69.8900,69.9162,69.8000,69.8503,116245
2024-12-03 11:24:00,69.9550,69.9600,69.8100,69.8934,111393
2024-12-03 11:23:00,69.8401,69.9600,69.8400,69.9525,130119
2024-12-03 11:22:00,69.8550,69.9000,69.8300,69.8500,127688
2024-12-03 11:21:00,69.7699,69.8800,69.7650,69.8550,111168
2024-12-03 11:20:00,69.9150,69.9500,69.6880,69.7600,176415
2024-12-03 11:19:00,69.8501,69.9699,69.8200,69.9299,188418
2024-12-03 11:18:00,69.8550,69.9200,69.8501,69.8550,123007
2024-12-03 11:17:00,69.8800,69.9100,69.8100,69.8519,167083
2024-12-03 11:16:00,69.7312,69.9550,69.7300,69.8801,311121
2024-12-03 11:15:00,69.7900,69.7900,69.6712,69.7400,206782
2024-12-03 11:14:00,69.7664,69.8700,69.7050,69.7650,164379
2024-12-03 11:13:00,69.7900,69.8900,69.7500,69.7658,229035
2024-12-03 11:12:00,69.7536,69.8000,69.7100,69.7800,188920
2024-12-03 11:11:00,69.6850,69.8000,69.6701,69.7700,227643
2024-12-03 11:10:00,69.6800,69.7500,69.5500,69.6826,300044
2024-12-03 11:09:00,69.5000,69.6800,69.4700,69.6711,242111
2024-12-03 11:08:00,69.4750,69.5800,69.4400,69.4900,291636
2024-12-03 11:07:00,69.3100,69.4900,69.2750,69.4701,240120
2024-12-03 11:06:00,69.2002,69.3700,69.2002,69.3001,261334
2024-12-03 11:05:00,69.0745,69.2600,68.9500,69.2200,316632
2024-12-03 11:04:00,68.9500,69.1000,68.9300,69.0745,179662
2024-12-03 11:03:00,68.9999,69.0700,68.9200,68.9400,191036
2024-12-03 11:02:00,68.8700,69.0995,68.8600,68.9801,370758
2024-12-03 11:01:00,68.7700,68.9500,68.7300,68.8688,285840
2024-12-03 11:00:00,68.6700,68.8400,68.6100,68.7700,306701
2024-12-03 10:59:00,68.4290,68.7300,68.4290,68.6700,351571
2024-12-03 10:58:00,68.4300,68.4800,68.3500,68.4257,224290
2024-12-03 10:57:00,68.6001,68.6496,68.4000,68.4299,278927
2024-12-03 10:56:00,68.4660,68.7400,68.4600,68.6154,240789
2024-12-03 10:55:00,68.7400,68.7500,68.4600,68.4600,360803
2024-12-03 10:54:00,68.6750,68.8300,68.6600,68.7400,240562
2024-12-03 10:53:00,68.7952,68.8600,68.6600,68.6700,260155
2024-12-03 10:52:00,69.0199,69.0300,68.7400,68.7950,634061
2024-12-03 10:51:00,69.1500,69.1800,69.0100,69.0100,187538
2024-12-03 10:50:00,69.0700,69.1800,69.0200,69.1400,253988
2024-12-03 10:49:00,69.1455,69.2100,69.0200,69.0591,247112
2024-12-03 10:48:00,69.2900,69.2907,69.0800,69.1301,299471
2024-12-03 10:47:00,69.3000,69.3699,69.2800,69.2989,202120
2024-12-03 10:46:00,69.2745,69.4300,69.2400,69.3075,299492
2024-12-03 10:45:00,69.4469,69.4500,69.2300,69.2600,370274
2024-12-03 10:44:00,69.4700,69.5400,69.3600,69.4500,249892
2024-12-03 10:43:00,69.8648,69.8700,69.4400,69.4698,457467
2024-12-03 10:42:00,69.7300,69.8800,69.6600,69.8670,235962
2024-12-03 10:41:00,69.7500,69.7799,69.6700,69.7350,298004
2024-12-03 10:40:00,69.9101,69.9300,69.7450,69.7582,365868
2024-12-03 10:39:00,69.9900,70.0400,69.9000,69.9001,220564
2024-12-03 10:38:00,70.0200,70.0500,69.9800,69.9900,143492
2024-12-03 10:37:00,69.9999,70.0500,69.9197,70.0200,244867
2024-12-03 10:36:00,69.9900,70.0800,69.9300,69.9950,229672
2024-12-03 10:35:00,69.9200,70.1300,69.9000,69.9975,314370
2024-12-03 10:34:00,69.9900,70.1300,69.9000,69.9266,569601
2024-12-03 10:33:00,70.5750,70.7300,69.8500,69.9901,1121583
2024-12-03 10:32:00,70.1700,70.7200,70.1600,70.5750,692834
2024-12-03 10:31:00,70.1188,70.3800,70.0850,70.1500,674384
2024-12-03 10:30:00,69.8500,70.1400,69.8500,70.1200,515819
2024-12-03 10:29:00,69.7500,69.8900,69.7500,69.8491,168739
2024-12-03 10:28:00,69.7201,69.7999,69.6100,69.7499,265664
2024-12-03 10:27:00,69.8400,69.8400,69.7000,69.7396,187176
2024-12-03 10:26:00,69.9200,69.9364,69.7800,69.8243,154685
2024-12-03 10:25:00,69.9709,69.9863,69.8679,69.9253,130026
2024-12-03 10:24:00,69.8900,70.0000,69.8400,69.9900,330423
2024-12-03 10:23:00,69.8700,69.9200,69.6900,69.8892,187074
2024-12-03 10:22:00,69.6733,69.9100,69.6500,69.8800,225733
2024-12-03 10:21:00,69.9500,69.9500,69.6500,69.6600,356986
2024-12-03 10:20:00,70.0000,70.0000,69.8700,69.9404,184928
2024-12-03 10:19:00,69.9920,70.0050,69.9100,69.9860,159416
2024-12-03 10:18:00,69.9700,70.0100,69.9250,70.0000,219721
2024-12-03 10:17:00,69.9900,70.0050,69.8100,69.9700,245987
2024-12-03 10:16:00,70.0100,70.0500,69.9300,69.9900,221904
2024-12-03 10:15:00,69.9450,70.1800,69.9400,70.0052,455294
2024-12-03 10:14:00,69.9100,69.9600,69.8700,69.9499,139275
2024-12-03 10:13:00,69.9697,70.0000,69.8300,69.9300,259395
2024-12-03 10:12:00,69.9699,69.9900,69.9100,69.9700,152239
2024-12-03 10:11:00,69.8100,70.0000,69.7600,69.9700,151968
2024-12-03 10:10:00,69.9800,70.0400,69.7402,69.8400,362244
2024-12-03 10:09:00,69.9400,70.0700,69.8200,69.9794,329492
2024-12-03 10:08:00,70.0600,70.2000,69.8900,69.9499,410039
2024-12-03 10:07:00,69.9035,70.1500,69.8890,70.0800,285371
2024-12-03 10:06:00,70.1050,70.2200,69.8700,69.9100,454396
2024-12-03 10:05:00,69.9400,70.2700,69.9200,70.1050,781394
2024-12-03 10:04:00,69.7700,69.9900,69.7500,69.9300,262801
2024-12-03 10:03:00,69.9600,70.0100,69.7000,69.7800,452568
2024-12-03 10:02:00,69.9900,70.0700,69.9100,69.9700,615232
2024-12-03 10:01:00,69.9900,70.4700,69.8300,69.9800,1400598
2024-12-03 10:00:00,69.9851,70.0300,69.8800,69.9900,385368
2024-12-03 09:59:00,69.9900,70.0500,69.9100,69.9900,288631
2024-12-03 09:58:00,70.0000,70.0400,69.8800,69.9986,420964
2024-12-03 09:57:00,69.8706,70.0000,69.8300,69.9900,345299
2024-12-03 09:56:00,69.9500,70.1700,66.4399,69.8800,600450
2024-12-03 09:55:00,69.6628,70.0200,69.6500,69.9316,583384
2024-12-03 09:54:00,69.9400,69.9500,69.5700,69.6744,452024
2024-12-03 09:53:00,69.6999,70.0100,69.6700,69.9300,461697
2024-12-03 09:52:00,69.9744,70.1100,69.6700,69.6700,970620
2024-12-03 09:51:00,69.9300,70.0000,69.8200,69.9848,601641
2024-12-03 09:50:00,69.9156,70.0300,69.8900,69.9360,873170
2024-12-03 09:49:00,69.8940,69.9600,69.7500,69.9299,381408
2024-12-03 09:48:00,69.8900,70.0100,69.7600,69.8700,590223
2024-12-03 09:47:00,69.9200,70.0100,69.7800,69.9000,1392057
2024-12-03 09:46:00,69.8397,69.9500,69.7200,69.9200,676017
2024-12-03 09:45:00,69.2701,69.8500,69.2500,69.8400,567716
2024-12-03 09:44:00,69.5100,69.5200,69.2000,69.2702,546831
2024-12-03 09:43:00,69.3799,69.5900,69.2760,69.5100,518197
2024-12-03 09:42:00,69.7600,69.8800,69.3500,69.3600,1076348
2024-12-03 09:41:00,69.5320,69.7870,69.5100,69.7600,788281
2024-12-03 09:40:00,69.1950,69.5600,69.0800,69.5301,888344
2024-12-03 09:39:00,68.9397,69.2300,68.8906,69.1800,725821
2024-12-03 09:38:00,68.9600,69.1500,68.8500,68.9300,1015544
2024-12-03 09:37:00,68.6300,68.9800,68.5800,68.9700,766668
2024-12-03 09:36:00,68.2800,68.8100,68.2800,68.6292,917522
2024-12-03 09:35:00,67.8108,68.3500,67.7000,68.2700,725368
2024-12-03 09:34:00,67.8700,68.2400,67.8100,67.8370,1063538
2024-12-03 09:33:00,67.8500,68.0700,67.8100,67.8422,1219620
2024-12-03 09:32:00,67.2300,67.9699,67.2300,67.8475,1088288
2024-12-03 09:31:00,67.0500,67.2900,66.7900,67.2100,505794
2024-12-03 09:30:00,66.4100,67.1000,66.1500,67.0585,1230576
2024-12-03 09:29:00,66.4000,66.4200,66.3100,66.3900,10497
2024-12-03 09:28:00,66.3800,66.4700,66.3700,66.4000,26728
2024-12-03 09:27:00,66.3200,66.4500,66.2200,66.4000,11872
2024-12-03 09:26:00,66.3500,66.3600,66.1400,66.2300,13460
2024-12-03 09:25:00,66.0600,66.3800,66.0600,66.3300,23791
2024-12-03 09:24:00,66.0100,66.0900,65.9200,66.0500,34429
2024-12-03 09:23:00,66.0800,66.1000,66.0000,66.0200,15959
2024-12-03 09:22:00,66.1850,66.2400,66.0600,66.0850,18700
2024-12-03 09:21:00,66.1400,66.2000,66.1300,66.1899,16798
2024-12-03 09:20:00,66.1200,66.1500,66.1000,66.1300,5941
2024-12-03 09:19:00,66.0700,66.1600,66.0700,66.1200,16385
2024-12-03 09:18:00,66.0200,66.0700,66.0200,66.0700,19353
2024-12-03 09:17:00,66.0397,66.0600,66.0000,66.0400,9505
2024-12-03 09:16:00,65.9200,66.0600,65.9200,66.0397,11149
2024-12-03 09:15:00,66.0100,66.0200,65.9000,65.9300,11614
2024-12-03 09:14:00,66.0500,66.0600,65.9900,66.0000,9530
2024-12-03 09:13:00,65.9900,66.0800,65.9900,66.0500,12332
2024-12-03 09:12:00,65.9100,66.0000,65.8900,65.9900,13309
2024-12-03 09:11:00,65.8900,65.9500,65.8289,65.9100,14436
2024-12-03 09:10:00,65.6500,65.9200,65.6300,65.8900,27329
2024-12-03 09:09:00,65.7100,65.7300,65.6200,65.6500,25377
2024-12-03 09:08:00,65.8000,65.8000,65.6200,65.7200,23185
2024-12-03 09:07:00,65.9300,65.9300,65.7700,65.7900,19191
2024-12-03 09:06:00,65.9700,65.9900,65.8100,65.9700,38359
2024-12-03 09:05:00,66.1100,66.1250,65.9600,65.9600,45626
2024-12-03 09:04:00,66.0300,66.1900,66.0200,66.1100,9625
2024-12-03 09:03:00,66.0500,66.0560,66.0100,66.0100,7467
2024-12-03 09:02:00,66.0500,66.0900,66.0100,66.0304,6481
2024-12-03 09:01:00,66.0600,66.1400,66.0100,66.0600,12903
2024-12-03 09:00:00,66.1714,66.2300,66.0400,66.1300,20910
2024-12-03 08:59:00,66.0600,66.2500,66.0100,66.2000,17983
2024-12-03 08:58:00,66.1100,66.1100,66.0100,66.0300,26202
2024-12-03 08:57:00,66.2100,66.2100,66.1000,66.1000,22710
2024-12-03 08:56:00,66.2900,66.3300,66.2000,66.2000,17545
2024-12-03 08:55:00,66.2900,66.3300,66.2800,66.3000,5671
2024-12-03 08:54:00,66.3600,66.3800,66.2600,66.2900,17225
2024-12-03 08:53:00,66.4600,66.4800,66.3600,66.3600,8521
2024-12-03 08:52:00,66.4800,66.5000,66.4500,66.4600,1830
2024-12-03 08:51:00,66.5202,66.5300,66.4600,66.4900,6533
2024-12-03 08:50:00,66.5294,66.5500,66.4900,66.5200,2465
2024-12-03 08:49:00,66.5200,66.5300,66.5150,66.5150,448
2024-12-03 08:48:00,66.5010,66.5400,66.5000,66.5295,1894
2024-12-03 08:47:00,66.5100,66.5300,66.5000,66.5100,2068
2024-12-03 08:46:00,66.5000,66.5300,66.5000,66.5100,3381
2024-12-03 08:45:00,66.5100,66.5300,66.4900,66.5200,1904
2024-12-03 08:44:00,66.5000,66.5291,66.4950,66.5291,1131
2024-12-03 08:43:00,66.4700,66.5100,66.4600,66.5000,1529
2024-12-03 08:42:00,66.5000,66.5100,66.4600,66.4800,2331
2024-12-03 08:41:00,66.5300,66.5400,66.4900,66.5000,7379
2024-12-03 08:40:00,66.5400,66.5600,66.5200,66.5300,589
2024-12-03 08:39:00,66.6100,66.6400,66.5200,66.5600,12452
2024-12-03 08:38:00,66.6400,66.6500,66.6100,66.6400,2779
2024-12-03 08:37:00,66.5495,66.6300,66.5400,66.6300,6815
2024-12-03 08:36:00,66.5000,66.5800,66.5000,66.5400,6403
2024-12-03 08:35:00,66.5200,66.5500,66.5000,66.5500,696
2024-12-03 08:34:00,66.4997,66.5500,66.4800,66.5000,1240
2024-12-03 08:33:00,66.4900,66.5000,66.4700,66.5000,805
2024-12-03 08:32:00,66.4694,66.4900,66.4500,66.4900,6127
2024-12-03 08:31:00,66.5100,66.5200,66.4500,66.4600,7784
2024-12-03 08:30:00,66.5900,66.6000,66.4520,66.4520,4621
2024-12-03 08:29:00,66.5700,66.6000,66.5500,66.5900,3797
2024-12-03 08:28:00,66.4800,66.5800,66.4600,66.5500,6904
2024-12-03 08:27:00,66.4900,66.4900,66.4600,66.4900,4513
2024-12-03 08:26:00,66.4610,66.4900,66.4600,66.4899,4132
2024-12-03 08:25:00,66.5100,66.5400,66.4600,66.4600,10544
2024-12-03 08:24:00,66.5697,66.5697,66.4800,66.5001,1718
2024-12-03 08:23:00,66.5800,66.5800,66.5509,66.5509,2898
2024-12-03 08:22:00,66.5700,66.5800,66.5300,66.5793,13768
2024-12-03 08:21:00,66.5999,66.5999,66.5300,66.5600,2425
2024-12-03 08:20:00,66.4800,66.6000,66.4700,66.5400,9877
2024-12-03 08:19:00,66.4200,66.4800,66.4200,66.4700,2357
2024-12-03 08:18:00,66.3800,66.4800,66.3400,66.4750,11788
2024-12-03 08:17:00,66.4100,66.4100,66.3600,66.3800,9622
2024-12-03 08:16:00,66.4100,66.4300,66.4000,66.4200,877
2024-12-03 08:15:00,66.4300,66.4300,66.4000,66.4200,1919
2024-12-03 08:14:00,66.4200,66.4300,66.4197,66.4200,2585
2024-12-03 08:13:00,66.4200,66.4200,66.4000,66.4200,709
2024-12-03 08:12:00,66.4600,66.4800,66.4000,66.4000,7163
2024-12-03 08:11:00,66.4700,66.4795,66.4500,66.4600,758
2024-12-03 08:10:00,66.4900,66.4900,66.4600,66.4800,2992
2024-12-03 08:09:00,66.4700,66.5000,66.4600,66.5000,765
2024-12-03 08:08:00,66.4600,66.4900,66.4600,66.4893,3281
2024-12-03 08:07:00,66.4800,66.5000,66.4600,66.4800,1233
2024-12-03 08:06:00,66.4800,66.5200,66.4600,66.5000,1178
2024-12-03 08:05:00,66.4501,66.5200,66.4500,66.4700,3039
2024-12-03 08:04:00,66.4000,66.4600,66.4000,66.4600,3319
2024-12-03 08:03:00,66.4100,66.4500,66.3800,66.4300,2299
2024-12-03 08:02:00,66.4900,66.5400,66.4000,66.4200,7495
2024-12-03 08:01:00,66.4500,67.0400,66.3550,66.4900,4478
2024-12-03 08:00:00,66.6832,67.1300,66.2900,66.4499,278355
2024-12-03 07:59:00,66.4300,66.4300,66.3500,66.3500,15707
2024-12-03 07:58:00,66.4400,66.4400,66.4300,66.4300,156
2024-12-03 07:57:00,66.4400,66.4500,66.4300,66.4500,912
2024-12-03 07:56:00,66.4700,66.4700,66.4300,66.4400,3102
2024-12-03 07:55:00,66.5300,66.5300,66.4800,66.4800,7120
2024-12-03 07:54:00,66.5500,66.5500,66.5200,66.5300,938
2024-12-03 07:53:00,66.5600,66.5700,66.5500,66.5500,1259
2024-12-03 07:52:00,66.6200,66.6400,66.5500,66.5600,6515
2024-12-03 07:51:00,66.6300,66.6500,66.6300,66.6400,443
2024-12-03 07:50:00,66.6500,66.6500,66.6100,66.6400,285
2024-12-03 07:49:00,66.6200,66.6200,66.5900,66.6000,2187
2024-12-03 07:48:00,66.5800,66.6600,66.5800,66.6400,1727
2024-12-03 07:47:00,66.6300,66.6300,66.5900,66.5900,1275
2024-12-03 07:46:00,66.6400,66.6400,66.6000,66.6000,1402
2024-12-03 07:45:00,66.6400,66.6400,66.6200,66.6300,359
2024-12-03 07:44:00,66.6500,66.6500,66.6100,66.6200,502
2024-12-03 07:43:00,66.6200,66.6600,66.6000,66.6600,5565
2024-12-03 07:42:00,66.6800,66.7000,66.6100,66.6100,2025
2024-12-03 07:41:00,66.7100,66.7200,66.6800,66.6800,85
2024-12-03 07:40:00,66.7000,66.7100,66.6700,66.7100,256
2024-12-03 07:39:00,66.7000,66.7100,66.7000,66.7000,56
2024-12-03 07:38:00,66.6200,66.6600,66.6000,66.6600,663
2024-12-03 07:37:00,66.5900,66.6200,66.5900,66.6100,165
2024-12-03 07:36:00,66.6500,66.6500,66.5900,66.6000,3444
2024-12-03 07:35:00,66.7300,66.7300,66.6200,66.6200,4226
2024-12-03 07:34:00,66.7500,66.7500,66.7400,66.7400,554
2024-12-03 07:33:00,66.6900,66.7500,66.6900,66.7500,1527
2024-12-03 07:32:00,66.6400,66.6900,66.6400,66.6900,2780
2024-12-03 07:31:00,66.6400,66.6400,66.6200,66.6300,869
2024-12-03 07:30:00,66.6200,66.6400,66.6200,66.6300,668
2024-12-03 07:29:00,66.6200,66.6300,66.6000,66.6000,274
2024-12-03 07:28:00,66.6100,66.6200,66.6000,66.6100,225
2024-12-03 07:27:00,66.6400,66.6400,66.6000,66.6200,429
2024-12-03 07:26:00,66.6300,66.6300,66.6000,66.6300,110
2024-12-03 07:25:00,66.6100,66.6400,66.5800,66.6400,577
2024-12-03 07:24:00,66.5700,66.6100,66.5700,66.6100,29
2024-12-03 07:23:00,66.5600,66.6100,66.5600,66.6100,998
2024-12-03 07:22:00,66.5900,66.6100,66.5600,66.5600,362
2024-12-03 07:21:00,66.5900,66.6000,66.5800,66.6000,230
2024-12-03 07:20:00,66.5800,66.6000,66.5800,66.6000,519
2024-12-03 07:19:00,66.6000,66.6100,66.5800,66.6000,388
2024-12-03 07:18:00,66.6400,66.6400,66.6000,66.6000,1616
2024-12-03 07:17:00,66.6200,66.6500,66.6100,66.6400,1031
2024-12-03 07:16:00,66.5700,66.6200,66.5700,66.6200,402
2024-12-03 07:15:00,66.6000,66.6000,66.5200,66.5600,2900
2024-12-03 07:14:00,66.6100,66.6300,66.5800,66.5900,1255
2024-12-03 07:13:00,66.6400,66.6800,66.6200,66.6200,3475
2024-12-03 07:12:00,66.6600,66.6900,66.6500,66.6500,924
2024-12-03 07:11:00,66.7000,66.7000,66.6600,66.6900,1438
2024-12-03 07:10:00,66.7500,66.7800,66.6600,66.7200,3411
2024-12-03 07:09:00,66.7500,66.7600,66.7400,66.7400,500
2024-12-03 07:08:00,66.7100,66.7600,66.6700,66.7500,3361
2024-12-03 07:07:00,66.7300,66.7400,66.7000,66.7100,951
2024-12-03 07:06:00,66.7900,66.7900,66.7100,66.7400,2182
2024-12-03 07:05:00,66.7700,66.7900,66.7600,66.7700,120
2024-12-03 07:04:00,66.8000,66.8000,66.7300,66.7300,1327
2024-12-03 07:03:00,66.7400,66.8200,66.7200,66.8100,2519
2024-12-03 07:02:00,66.7800,66.7800,66.7400,66.7400,1778
2024-12-03 07:01:00,66.6800,66.8100,66.6700,66.7600,741
2024-12-03 07:00:00,66.8600,66.9000,66.6700,66.7200,10748
2024-12-03 06:59:00,66.7200,66.9700,66.7200,66.9000,12690
2024-12-03 06:58:00,66.7500,66.7500,66.7100,66.7300,882
2024-12-03 06:57:00,66.7700,66.7700,66.7400,66.7500,629
2024-12-03 06:56:00,66.7900,66.7900,66.7500,66.7700,532
2024-12-03 06:55:00,66.7900,66.8000,66.7700,66.7900,228
2024-12-03 06:54:00,66.8600,66.8600,66.7300,66.7900,10222
2024-12-03 06:53:00,66.7300,66.8900,66.7200,66.8700,3269
2024-12-03 06:52:00,66.6600,66.7300,66.6500,66.7300,10995
2024-12-03 06:51:00,66.6500,66.6600,66.6200,66.6300,1541
2024-12-03 06:50:00,66.6900,66.6900,66.6200,66.6200,3207
2024-12-03 06:49:00,66.6300,66.6900,66.6200,66.6800,5704
2024-12-03 06:48:00,66.5900,66.6400,66.5900,66.6400,1511
2024-12-03 06:47:00,66.5500,66.5900,66.5300,66.5900,477
2024-12-03 06:46:00,66.5500,66.5500,66.5500,66.5500,6
2024-12-03 06:45:00,66.5200,66.5500,66.5200,66.5500,62
2024-12-03 06:44:00,66.5300,66.5400,66.5200,66.5400,217
2024-12-03 06:43:00,66.5000,66.5400,66.5000,66.5300,95
2024-12-03 06:42:00,66.4900,66.5000,66.4800,66.4900,1013
2024-12-03 06:41:00,66.4900,66.5000,66.4900,66.4900,220
2024-12-03 06:40:00,66.4600,66.4800,66.4600,66.4800,771
2024-12-03 06:39:00,66.4500,66.4800,66.4500,66.4600,85
2024-12-03 06:38:00,66.4900,66.4900,66.4700,66.4700,193
2024-12-03 06:37:00,66.4900,66.5000,66.4700,66.4900,24
2024-12-03 06:36:00,66.4200,66.4900,66.4200,66.4900,1376
2024-12-03 06:35:00,66.4500,66.4500,66.4300,66.4300,1581
2024-12-03 06:34:00,66.4900,66.4900,66.4400,66.4700,3066
2024-12-03 06:33:00,66.4900,66.4900,66.4800,66.4800,50
2024-12-03 06:32:00,66.5000,66.5000,66.4800,66.4900,145
2024-12-03 06:31:00,66.5000,66.5000,66.5000,66.5000,331
2024-12-03 06:30:00,66.5000,66.5000,66.4800,66.5000,61
2024-12-03 06:29:00,66.5000,66.5000,66.4800,66.4800,592
2024-12-03 06:28:00,66.4900,66.5000,66.4700,66.5000,405
2024-12-03 06:27:00,66.4900,66.5000,66.4700,66.4900,1237
2024-12-03 06:26:00,66.4800,66.4900,66.4500,66.4800,1566
2024-12-03 06:25:00,66.4900,66.5200,66.4900,66.4900,2572
2024-12-03 06:24:00,66.4600,66.4900,66.4500,66.4900,430
2024-12-03 06:23:00,66.4600,66.4900,66.4500,66.4700,49
2024-12-03 06:22:00,66.4800,66.5000,66.4500,66.4500,1045
2024-12-03 06:21:00,66.4600,66.4800,66.4500,66.4500,63
2024-12-03 06:20:00,66.4400,66.4600,66.4400,66.4500,127
2024-12-03 06:19:00,66.4400,66.4500,66.4400,66.4500,97
2024-12-03 06:18:00,66.4500,66.4500,66.4400,66.4500,144
2024-12-03 06:17:00,66.4500,66.4500,66.4400,66.4400,159
2024-12-03 06:16:00,66.4400,66.4500,66.4400,66.4400,136
2024-12-03 06:15:00,66.4200,66.4400,66.3700,66.4400,4413
2024-12-03 06:14:00,66.5000,66.5300,66.4200,66.4300,2003
2024-12-03 06:13:00,66.4900,66.5300,66.4900,66.5000,315
2024-12-03 06:12:00,66.4900,66.5100,66.4900,66.4900,83
2024-12-03 06:11:00,66.4600,66.4900,66.4600,66.4800,1574
2024-12-03 06:10:00,66.4600,66.4700,66.4500,66.4600,669
2024-12-03 06:09:00,66.4500,66.4600,66.4500,66.4600,577
2024-12-03 06:08:00,66.4500,66.4500,66.4400,66.4500,342
2024-12-03 06:07:00,66.4100,66.4400,66.4000,66.4400,92
2024-12-03 06:06:00,66.4000,66.4300,66.4000,66.4100,283
2024-12-03 06:05:00,66.3800,66.4000,66.3800,66.4000,185
2024-12-03 06:04:00,66.3700,66.4000,66.3700,66.3900,765
2024-12-03 06:03:00,66.4000,66.4000,66.3500,66.3900,257
2024-12-03 06:02:00,66.3400,66.4100,66.3400,66.3800,1312
2024-12-03 06:01:00,66.3400,66.3400,66.3000,66.3300,677
2024-12-03 06:00:00,66.4000,66.4000,66.2500,66.3500,5754
2024-12-03 05:59:00,66.4000,66.4200,66.4000,66.4000,852
2024-12-03 05:58:00,66.4500,66.4500,66.4000,66.4000,1764
2024-12-03 05:57:00,66.4600,66.4600,66.4400,66.4500,360
2024-12-03 05:56:00,66.4700,66.4800,66.4500,66.4600,135
2024-12-03 05:55:00,66.4600,66.4600,66.4500,66.4500,880
2024-12-03 05:54:00,66.4800,66.4800,66.4600,66.4700,908
2024-12-03 05:53:00,66.5000,66.5100,66.4900,66.5000,248
2024-12-03 05:52:00,66.4900,66.5100,66.4900,66.5000,162
2024-12-03 05:51:00,66.5000,66.5100,66.4900,66.4900,79
2024-12-03 05:50:00,66.4800,66.5100,66.4800,66.5100,1500
2024-12-03 05:49:00,66.4700,66.4800,66.4700,66.4800,1068
2024-12-03 05:48:00,66.4700,66.4800,66.4700,66.4700,428
2024-12-03 05:47:00,66.4800,66.4800,66.4700,66.4700,1415
2024-12-03 05:46:00,66.5300,66.5400,66.4800,66.4800,957
2024-12-03 05:45:00,66.5400,66.5400,66.5200,66.5200,296
2024-12-03 05:44:00,66.5400,66.5400,66.5300,66.5400,114
2024-12-03 05:43:00,66.5200,66.5500,66.5200,66.5500,116
2024-12-03 05:42:00,66.5200,66.5300,66.5200,66.5300,105
2024-12-03 05:41:00,66.5500,66.5500,66.5200,66.5200,157
2024-12-03 05:40:00,66.5400,66.5400,66.5200,66.5200,653
2024-12-03 05:39:00,66.5200,66.5500,66.5200,66.5400,470
2024-12-03 05:38:00,66.5300,66.5300,66.5000,66.5200,553
2024-12-03 05:37:00,66.5300,66.5300,66.5000,66.5300,562
2024-12-03 05:36:00,66.5200,66.5200,66.4900,66.5200,422
2024-12-03 05:35:00,66.5000,66.5300,66.4900,66.5300,927
2024-12-03 05:34:00,66.5200,66.5300,66.5000,66.5000,179
2024-12-03 05:33:00,66.5200,66.5200,66.4900,66.5200,110
2024-12-03 05:32:00,66.4900,66.5000,66.4800,66.5000,477
2024-12-03 05:31:00,66.5200,66.5400,66.4800,66.4800,6194
2024-12-03 05:30:00,66.5200,66.5400,66.5200,66.5400,95
2024-12-03 05:29:00,66.5500,66.5500,66.5100,66.5400,768
2024-12-03 05:28:00,66.5200,66.5600,66.5200,66.5400,1049
2024-12-03 05:27:00,66.5400,66.5400,66.5100,66.5100,1174
2024-12-03 05:26:00,66.6000,66.6000,66.5300,66.5500,2487
2024-12-03 05:25:00,66.6000,66.6100,66.5900,66.5900,202
2024-12-03 05:24:00,66.6300,66.6300,66.5900,66.6100,165
2024-12-03 05:23:00,66.6200,66.6300,66.6100,66.6300,626
2024-12-03 05:22:00,66.6400,66.6500,66.6200,66.6200,79
2024-12-03 05:21:00,66.6300,66.6500,66.6200,66.6200,497
2024-12-03 05:20:00,66.6600,66.6600,66.6300,66.6300,376
2024-12-03 05:19:00,66.6700,66.6700,66.6200,66.6200,535
2024-12-03 05:18:00,66.5500,66.6600,66.5500,66.6200,1680
2024-12-03 05:17:00,66.6800,66.6900,66.5500,66.5500,4393
2024-12-03 05:16:00,66.6900,66.6900,66.6600,66.6700,552
2024-12-03 05:15:00,66.6700,66.6900,66.6700,66.6900,762
2024-12-03 05:14:00,66.6900,66.6900,66.6600,66.6900,235
2024-12-03 05:13:00,66.6700,66.6900,66.6600,66.6600,403
2024-12-03 05:12:00,66.6400,66.6900,66.6400,66.6700,547
2024-12-03 05:11:00,66.6400,66.6600,66.6300,66.6400,551
2024-12-03 05:10:00,66.6500,66.6500,66.6300,66.6300,231
2024-12-03 05:09:00,66.6600,66.6800,66.6400,66.6500,354
2024-12-03 05:08:00,66.6500,66.6600,66.6200,66.6500,718
2024-12-03 05:07:00,66.6500,66.6600,66.6500,66.6600,880
2024-12-03 05:06:00,66.6300,66.6500,66.6100,66.6400,192
2024-12-03 05:05:00,66.6500,66.6700,66.5900,66.6100,1516
2024-12-03 05:04:00,66.6900,66.6900,66.6100,66.6300,2451
2024-12-03 05:03:00,66.6800,66.7100,66.6800,66.7000,1175
2024-12-03 05:02:00,66.6600,66.6800,66.6600,66.6800,306
2024-12-03 05:01:00,66.6700,66.6700,66.6500,66.6700,407
2024-12-03 05:00:00,66.7300,66.7400,66.6300,66.6500,4103
2024-12-03 04:59:00,66.7100,66.7300,66.7100,66.7200,309
2024-12-03 04:58:00,66.7000,66.7200,66.6900,66.7200,633
2024-12-03 04:57:00,66.7000,66.7000,66.7000,66.7000,231
2024-12-03 04:56:00,66.7000,66.7200,66.6900,66.6900,731
2024-12-03 04:55:00,66.6700,66.7200,66.6700,66.7100,714
2024-12-03 04:54:00,66.7000,66.7100,66.6500,66.6500,3040
2024-12-03 04:53:00,66.7000,66.7200,66.6800,66.7000,436
2024-12-03 04:52:00,66.6300,66.7000,66.6300,66.7000,1130
2024-12-03 04:51:00,66.5700,66.6200,66.5700,66.5900,1401
2024-12-03 04:50:00,66.5500,66.5800,66.5500,66.5800,210
2024-12-03 04:49:00,66.5800,66.5800,66.5500,66.5500,681
2024-12-03 04:48:00,66.5700,66.5900,66.5600,66.5700,586
2024-12-03 04:47:00,66.5500,66.5700,66.5500,66.5600,1058
2024-12-03 04:46:00,66.5600,66.5600,66.5300,66.5300,342
2024-12-03 04:45:00,66.5600,66.5600,66.5300,66.5600,570
2024-12-03 04:44:00,66.5700,66.5700,66.5600,66.5600,33
2024-12-03 04:43:00,66.5600,66.5700,66.5500,66.5500,463
2024-12-03 04:42:00,66.5600,66.5600,66.5500,66.5600,238
2024-12-03 04:41:00,66.5600,66.5600,66.5500,66.5600,280
2024-12-03 04:40:00,66.5400,66.5600,66.5400,66.5600,284
2024-12-03 04:39:00,66.5600,66.5700,66.5400,66.5600,646
2024-12-03 04:38:00,66.5900,66.5900,66.5400,66.5600,1432
2024-12-03 04:37:00,66.5700,66.5900,66.5700,66.5900,1380
2024-12-03 04:36:00,66.5600,66.5800,66.5600,66.5700,690
2024-12-03 04:35:00,66.5600,66.5700,66.5600,66.5700,333
2024-12-03 04:34:00,66.5600,66.5600,66.5400,66.5600,361
2024-12-03 04:33:00,66.5800,66.5800,66.5400,66.5500,614
2024-12-03 04:32:00,66.5300,66.5700,66.5300,66.5500,1865
2024-12-03 04:31:00,66.5400,66.5400,66.5300,66.5400,264
2024-12-03 04:30:00,66.5600,66.5600,66.5300,66.5300,350
2024-12-03 04:29:00,66.5600,66.5800,66.5500,66.5700,582
2024-12-03 04:28:00,66.5700,66.5800,66.5600,66.5700,384
2024-12-03 04:27:00,66.5700,66.5700,66.5500,66.5700,922
2024-12-03 04:26:00,66.5500,66.5700,66.5500,66.5700,262
2024-12-03 04:25:00,66.5600,66.5700,66.5500,66.5500,136
2024-12-03 04:24:00,66.5600,66.5700,66.5600,66.5600,197
2024-12-03 04:23:00,66.5300,66.5700,66.5300,66.5600,1898
2024-12-03 04:22:00,66.5400,66.5500,66.5300,66.5300,380
2024-12-03 04:21:00,66.5400,66.5600,66.5100,66.5400,491
2024-12-03 04:20:00,66.5400,66.5400,66.5100,66.5400,305
2024-12-03 04:19:00,66.5400,66.5500,66.5000,66.5400,254
2024-12-03 04:18:00,66.4400,66.5400,66.4400,66.5400,2002
2024-12-03 04:17:00,66.4900,66.4900,66.4400,66.4400,804
2024-12-03 04:16:00,66.5500,66.5500,66.4800,66.4900,1695
2024-12-03 04:15:00,66.5600,66.5900,66.5400,66.5400,1840
2024-12-03 04:14:00,66.5700,66.5700,66.5400,66.5600,173
2024-12-03 04:13:00,66.4500,66.5600,66.4500,66.5300,2526
2024-12-03 04:12:00,66.5800,66.5800,66.4500,66.4500,2081
2024-12-03 04:11:00,66.5900,66.5900,66.5600,66.5800,870
2024-12-03 04:10:00,66.5600,66.5900,66.5300,66.5800,1112
2024-12-03 04:09:00,66.5800,66.5800,66.5000,66.5600,2599
2024-12-03 04:08:00,66.6200,66.6300,66.5800,66.6000,829
2024-12-03 04:07:00,66.5600,66.6200,66.5200,66.6200,1254
2024-12-03 04:06:00,66.4800,66.5700,66.4800,66.5500,1209
2024-12-03 04:05:00,66.6000,66.6000,66.4100,66.5000,3854
2024-12-03 04:04:00,66.5400,66.7000,66.5400,66.6100,1999
2024-12-03 04:03:00,66.5700,66.5700,66.5300,66.5400,1057
2024-12-03 04:02:00,66.6700,66.7400,66.5300,66.5700,6160
2024-12-03 04:01:00,66.7700,66.7700,66.6400,66.6700,2836
2024-12-03 04:00:00,66.7600,66.7800,66.5300,66.7400,2018
2024-12-02 19:59:00,66.5099,66.6300,66.5099,66.5300,991
2024-12-02 19:58:00,66.5500,66.5500,66.5000,66.5098,1447
2024-12-02 19:57:00,66.5500,66.5700,66.5500,66.5600,594
2024-12-02 19:56:00,66.5800,66.6000,66.5600,66.5700,976
2024-12-02 19:55:00,66.5700,66.6000,66.5700,66.5999,1007
2024-12-02 19:54:00,66.5100,66.6000,66.5000,66.5500,7801
2024-12-02 19:53:00,66.5000,66.5100,66.4800,66.4900,11549
2024-12-02 19:52:00,66.5400,66.5400,66.5000,66.5000,1143
2024-12-02 19:51:00,66.4800,66.6000,66.4800,66.5382,73
2024-12-02 19:50:00,66.6000,66.6300,66.4808,66.4808,2753
2024-12-02 19:49:00,66.6300,66.6300,66.4800,66.6000,12080
2024-12-02 19:48:00,66.6100,66.6400,66.6000,66.6250,270
2024-12-02 19:47:00,66.6400,66.6500,66.6100,66.6250,69
2024-12-02 19:46:00,66.6400,66.6500,66.6100,66.6111,384
2024-12-02 19:45:00,66.6100,66.6700,66.6100,66.6100,552
2024-12-02 19:44:00,66.6100,66.6900,66.6100,66.6300,248
2024-12-02 19:43:00,66.6300,66.6599,66.6100,66.6100,524
2024-12-02 19:42:00,66.6500,66.6500,66.6300,66.6300,2
2024-12-02 19:41:00,66.6599,66.6900,66.6500,66.6500,1733
2024-12-02 19:40:00,66.6589,66.6600,66.6100,66.6500,432
2024-12-02 19:39:00,66.6889,66.6889,66.6113,66.6600,1106
2024-12-02 19:38:00,66.6300,66.6900,66.6100,66.6500,2603
2024-12-02 19:37:00,66.6300,66.6600,66.6100,66.6600,356
2024-12-02 19:36:00,66.6600,66.6600,66.6100,66.6350,185
2024-12-02 19:35:00,66.6585,66.6600,66.6100,66.6400,88
2024-12-02 19:34:00,66.6600,66.6600,66.6100,66.6600,1091
2024-12-02 19:33:00,66.6600,66.6900,66.6500,66.6500,319
2024-12-02 19:32:00,66.6810,66.6810,66.6600,66.6600,112
2024-12-02 19:31:00,66.6516,66.6800,66.6500,66.6500,214
2024-12-02 19:30:00,66.6800,66.6800,66.6500,66.6500,653
2024-12-02 19:29:00,66.7000,66.7000,66.6600,66.6600,1922
2024-12-02 19:28:00,66.6900,66.6999,66.6750,66.6900,1598
2024-12-02 19:27:00,66.6600,66.6900,66.6600,66.6800,80
2024-12-02 19:26:00,66.6900,66.6900,66.6600,66.6750,81
2024-12-02 19:25:00,66.6800,66.6900,66.6800,66.6800,85
2024-12-02 19:24:00,66.6800,66.7000,66.6600,66.7000,342
2024-12-02 19:23:00,66.7000,66.7000,66.6600,66.6800,55
2024-12-02 19:22:00,66.6900,66.7000,66.6600,66.6600,337
2024-12-02 19:21:00,66.7000,66.7000,66.6800,66.7000,86
2024-12-02 19:20:00,66.7085,66.7100,66.6800,66.6800,1225
2024-12-02 19:19:00,66.6900,66.7100,66.6800,66.7000,617
2024-12-02 19:18:00,66.6894,66.6901,66.6894,66.6901,675
2024-12-02 19:17:00,66.6600,66.6900,66.6600,66.6900,1192
2024-12-02 19:16:00,66.6775,66.6900,66.6600,66.6600,1869
2024-12-02 19:15:00,66.7000,66.7000,66.6700,66.6800,309
2024-12-02 19:14:00,66.6900,66.7000,66.6783,66.7000,951
2024-12-02 19:13:00,66.6800,66.6900,66.6600,66.6900,1396
2024-12-02 19:12:00,66.6600,66.6900,66.6600,66.6601,354
2024-12-02 19:11:00,66.6700,66.6900,66.6600,66.6900,493
2024-12-02 19:10:00,66.6700,66.6900,66.6600,66.6900,92
2024-12-02 19:09:00,66.6500,66.6900,66.6500,66.6700,475
2024-12-02 19:08:00,66.6900,66.6900,66.6500,66.6700,533
2024-12-02 19:07:00,66.6700,66.6900,66.6500,66.6500,386
2024-12-02 19:06:00,66.6600,66.6900,66.6500,66.6514,171
2024-12-02 19:05:00,66.6600,66.6900,66.6200,66.6900,1276
2024-12-02 19:04:00,66.6200,66.6687,66.6200,66.6223,117
2024-12-02 19:03:00,66.6700,66.6700,66.6200,66.6700,340
2024-12-02 19:02:00,66.6700,66.6800,66.6600,66.6700,1572
2024-12-02 19:01:00,66.6700,66.6900,66.6700,66.6900,4132
2024-12-02 19:00:00,66.6710,66.6900,66.6700,66.6700,271
2024-12-02 18:59:00,66.6900,66.6900,66.6800,66.6800,150
2024-12-02 18:58:00,66.6800,66.6900,66.6800,66.6888,688
2024-12-02 18:57:00,66.6900,66.6900,66.6700,66.6700,1232
2024-12-02 18:56:00,66.6900,66.6900,66.6709,66.6899,25
2024-12-02 18:55:00,66.6900,66.6900,66.6700,66.6900,263
2024-12-02 18:54:00,66.6600,66.6900,66.6600,66.6900,4386
2024-12-02 18:53:00,66.6800,66.6800,66.6600,66.6650,890
2024-12-02 18:52:00,66.6700,66.6800,66.6700,66.6700,318
2024-12-02 18:51:00,66.6700,66.6800,66.6700,66.6700,306
2024-12-02 18:50:00,66.6797,66.6800,66.6700,66.6700,790
2024-12-02 18:49:00,66.6698,66.6800,66.6400,66.6700,1853
2024-12-02 18:48:00,66.6500,66.6700,66.6500,66.6699,1145
2024-12-02 18:47:00,66.6500,66.6700,66.6311,66.6311,297
2024-12-02 18:46:00,66.6700,66.6700,66.6100,66.6100,53
2024-12-02 18:45:00,66.6700,66.6700,66.6100,66.6400,381
2024-12-02 18:44:00,66.6100,66.6700,66.6100,66.6700,447
2024-12-02 18:43:00,66.6700,66.6800,66.6100,66.6100,1082
2024-12-02 18:42:00,66.6200,66.6800,66.6100,66.6200,2487
2024-12-02 18:41:00,66.6100,66.6800,66.6100,66.6200,4651
2024-12-02 18:40:00,66.6700,66.6700,66.6600,66.6690,2298
2024-12-02 18:39:00,66.6700,66.6700,66.6400,66.6600,1573
2024-12-02 18:38:00,66.6300,66.6700,66.6300,66.6500,1058
2024-12-02 18:37:00,66.6700,66.6700,66.6200,66.6700,751
2024-12-02 18:36:00,66.6300,66.6700,66.6200,66.6200,21
2024-12-02 18:35:00,66.6700,66.6700,66.6314,66.6700,13
2024-12-02 18:34:00,66.6600,66.6700,66.6200,66.6500,466
2024-12-02 18:33:00,66.6500,66.6700,66.6100,66.6500,526
2024-12-02 18:32:00,66.6633,66.6633,66.6113,66.6500,88
2024-12-02 18:31:00,66.6900,66.6900,66.6100,66.6200,365
2024-12-02 18:30:00,66.6200,66.7000,66.6200,66.7000,111
2024-12-02 18:29:00,66.6100,66.7000,66.6100,66.6115,988
2024-12-02 18:28:00,66.6200,66.7000,66.6100,66.6200,2805
2024-12-02 18:27:00,66.6606,66.7100,66.6200,66.6200,3183
2024-12-02 18:26:00,66.7000,66.7100,66.6600,66.6600,1944
2024-12-02 18:25:00,66.6999,66.7000,66.6600,66.6700,1822
2024-12-02 18:24:00,66.6800,66.7000,66.6800,66.6800,2158
2024-12-02 18:23:00,66.7000,66.7100,66.6900,66.6900,1558
2024-12-02 18:22:00,66.7000,66.7100,66.7000,66.7050,3191
2024-12-02 18:21:00,66.7000,66.7100,66.7000,66.7100,728
2024-12-02 18:20:00,66.7100,66.7100,66.7000,66.7100,1202
2024-12-02 18:19:00,66.7200,66.7200,66.7100,66.7150,1533
2024-12-02 18:18:00,66.7200,66.7300,66.7000,66.7100,1166
2024-12-02 18:17:00,66.7196,66.7300,66.7001,66.7200,618
2024-12-02 18:16:00,66.7191,66.7200,66.7000,66.7191,241
2024-12-02 18:15:00,66.7300,66.7300,66.7000,66.7000,573
2024-12-02 18:14:00,66.6900,66.7300,66.6800,66.7285,2120
2024-12-02 18:13:00,66.6900,66.7200,66.6700,66.7200,10894
2024-12-02 18:12:00,66.6700,66.6800,66.6699,66.6700,4939
2024-12-02 18:11:00,66.6700,66.6700,66.6600,66.6600,168
2024-12-02 18:10:00,66.6700,66.6700,66.6600,66.6700,1194
2024-12-02 18:09:00,66.6800,66.6800,66.6600,66.6700,707
2024-12-02 18:08:00,66.6700,66.6800,66.6600,66.6800,1529
2024-12-02 18:07:00,66.6800,66.6800,66.6600,66.6700,772
2024-12-02 18:06:00,66.6800,66.6800,66.6600,66.6800,83
2024-12-02 18:05:00,66.7000,66.7000,66.6600,66.6800,3302
2024-12-02 18:04:00,66.6987,66.7000,66.6600,66.6800,3015
2024-12-02 18:03:00,66.7000,66.7000,66.6100,66.6700,2805
2024-12-02 18:02:00,66.6900,66.6900,66.6100,66.6900,68
2024-12-02 18:01:00,66.6500,66.6900,66.6100,66.6900,175
2024-12-02 18:00:00,66.6900,66.6900,66.6100,66.6900,4476
2024-12-02 17:59:00,66.6900,66.6984,66.6100,66.6500,598
2024-12-02 17:58:00,66.5900,66.6900,66.5900,66.6800,46
2024-12-02 17:57:00,66.6450,66.7000,66.5900,66.6450,332
2024-12-02 17:56:00,66.6500,66.7000,66.5900,66.5921,5313
2024-12-02 17:55:00,66.6800,66.7000,66.6400,66.6500,6783
2024-12-02 17:54:00,66.6500,66.6900,66.5800,66.6350,3498
2024-12-02 17:53:00,66.6100,66.6600,66.6000,66.6200,533
2024-12-02 17:52:00,66.5600,66.6500,66.5600,66.5800,7440
2024-12-02 17:51:00,66.5700,66.5800,66.5600,66.5600,559
2024-12-02 17:50:00,66.5799,66.5800,66.5600,66.5800,4469
2024-12-02 17:49:00,66.6000,66.6000,66.5700,66.5700,2356
2024-12-02 17:48:00,66.6000,66.6000,66.5800,66.5800,450
2024-12-02 17:47:00,66.5800,66.6000,66.5800,66.6000,52
2024-12-02 17:46:00,66.6000,66.6000,66.5900,66.5900,184
2024-12-02 17:45:00,66.6000,66.6000,66.5800,66.5900,186
2024-12-02 17:44:00,66.6000,66.6071,66.5807,66.5807,578
2024-12-02 17:43:00,66.5900,66.5998,66.5900,66.5900,1133
2024-12-02 17:42:00,66.5900,66.6000,66.5800,66.6000,551
2024-12-02 17:41:00,66.5800,66.5900,66.5800,66.5800,215
2024-12-02 17:40:00,66.6000,66.6000,66.5800,66.6000,1443
2024-12-02 17:39:00,66.6000,66.6300,66.5800,66.5900,1345
2024-12-02 17:38:00,66.6000,66.6000,66.5800,66.5994,403
2024-12-02 17:37:00,66.5994,66.6000,66.5800,66.6000,2141
2024-12-02 17:36:00,66.5800,66.6000,66.5800,66.5800,227
2024-12-02 17:35:00,66.5800,66.6000,66.5800,66.6000,396
2024-12-02 17:34:00,66.5800,66.6000,66.5800,66.6000,283
2024-12-02 17:33:00,66.6000,66.6000,66.5500,66.6000,3094
2024-12-02 17:32:00,66.5900,66.6000,66.5900,66.6000,391
2024-12-02 17:31:00,66.5800,66.6000,66.5700,66.5900,1982
2024-12-02 17:30:00,66.5500,66.5800,66.5500,66.5700,21
2024-12-02 17:29:00,66.5400,66.5800,66.5400,66.5500,277
2024-12-02 17:28:00,66.5400,66.5550,66.5200,66.5300,675
2024-12-02 17:27:00,66.5400,66.5500,66.5200,66.5200,1069
2024-12-02 17:26:00,66.5500,66.5500,66.5300,66.5300,1117
2024-12-02 17:25:00,66.5800,66.5800,66.5000,66.5500,3898
2024-12-02 17:24:00,66.5600,66.5900,66.5600,66.5600,259
2024-12-02 17:23:00,66.5750,66.5900,66.5600,66.5600,134
2024-12-02 17:22:00,66.5894,66.5900,66.5700,66.5900,1692
2024-12-02 17:21:00,66.6200,66.6288,66.5800,66.5900,1024
2024-12-02 17:20:00,66.6200,66.6200,66.5800,66.6200,1452
2024-12-02 17:19:00,66.6400,66.6400,66.6100,66.6100,337
2024-12-02 17:18:00,66.6600,66.6600,66.6300,66.6399,1418
2024-12-02 17:17:00,66.6600,66.6600,66.6400,66.6600,406
2024-12-02 17:16:00,66.6700,66.6700,66.6300,66.6600,792
2024-12-02 17:15:00,66.6500,66.6700,66.6300,66.6300,896
2024-12-02 17:14:00,66.6300,66.6500,66.6200,66.6500,5031
2024-12-02 17:13:00,66.6100,66.6350,66.6100,66.6300,841
2024-12-02 17:12:00,66.6100,66.6100,66.5950,66.6000,48
2024-12-02 17:11:00,66.6000,66.6100,66.5800,66.5800,199
2024-12-02 17:10:00,66.6000,66.6200,66.5900,66.6096,761
2024-12-02 17:09:00,66.5995,66.6100,66.5800,66.6100,332
2024-12-02 17:08:00,66.6000,66.6000,66.5800,66.5900,185
2024-12-02 17:07:00,66.5900,66.6000,66.5715,66.6000,1184
2024-12-02 17:06:00,66.5800,66.6000,66.5700,66.5800,15780
2024-12-02 17:05:00,66.5800,66.6000,66.5700,66.6000,556
2024-12-02 17:04:00,66.6194,66.6200,66.5800,66.5800,1004
2024-12-02 17:03:00,66.5806,66.6200,66.5800,66.6000,440
2024-12-02 17:02:00,66.6000,66.6200,66.5600,66.6200,809
2024-12-02 17:01:00,66.6001,66.6200,66.5600,66.6000,383
2024-12-02 17:00:00,66.6300,66.6400,66.6000,66.6191,1703
2024-12-02 16:59:00,66.6500,66.6500,66.6200,66.6300,2815
2024-12-02 16:58:00,66.6500,66.6500,66.6300,66.6500,1388
2024-12-02 16:57:00,66.6600,66.6600,66.6300,66.6300,2678
2024-12-02 16:56:00,66.6600,66.6700,66.6450,66.6600,1435
2024-12-02 16:55:00,66.6650,66.6700,66.6500,66.6600,2417
2024-12-02 16:54:00,66.6519,66.7000,66.6500,66.6700,267
2024-12-02 16:53:00,66.6800,66.7000,66.6511,66.6516,2673
2024-12-02 16:52:00,66.6750,66.7000,66.6500,66.6995,2396
2024-12-02 16:51:00,66.6900,66.7000,66.6500,66.6900,523
2024-12-02 16:50:00,66.6900,66.7000,66.6500,66.7000,2728
2024-12-02 16:49:00,66.7000,66.7100,66.6500,66.7000,2036
2024-12-02 16:48:00,66.6800,66.7100,66.6800,66.6950,1090
2024-12-02 16:47:00,66.7300,66.7300,66.6500,66.6900,5813
2024-12-02 16:46:00,66.7000,66.7300,66.7000,66.7108,9200
2024-12-02 16:45:00,66.7200,66.7500,66.6800,66.7400,2077
2024-12-02 16:44:00,66.6700,66.7000,66.6700,66.7000,6905
2024-12-02 16:43:00,66.7000,66.7100,66.3900,66.7000,8234
2024-12-02 16:42:00,66.6500,66.7000,66.6500,66.6612,8854
2024-12-02 16:41:00,66.6300,66.6600,66.6200,66.6308,1233
2024-12-02 16:40:00,66.6400,66.6400,66.6200,66.6400,1564
2024-12-02 16:39:00,66.6400,66.6600,66.6200,66.6202,394
2024-12-02 16:38:00,66.6100,66.6600,66.6100,66.6500,2144
2024-12-02 16:37:00,66.6204,66.6600,66.6100,66.6600,339
2024-12-02 16:36:00,66.6512,66.6800,66.6200,66.6800,2003
2024-12-02 16:35:00,66.6800,66.7000,66.6500,66.6888,258
2024-12-02 16:34:00,66.6800,66.7100,66.6500,66.6500,3066
2024-12-02 16:33:00,66.6800,66.7100,66.6500,66.6500,6624
2024-12-02 16:32:00,66.6800,66.7100,66.6400,66.6800,7683
2024-12-02 16:31:00,66.7100,68.2800,66.1850,66.7000,646
2024-12-02 16:30:00,66.6617,66.7100,66.6600,66.7000,931
2024-12-02 16:29:00,66.7399,66.7400,66.6600,66.7000,3365
2024-12-02 16:28:00,66.7012,66.7400,66.7000,66.7400,1005
2024-12-02 16:27:00,66.7500,66.7500,66.3900,66.7000,20283
2024-12-02 16:26:00,66.7500,66.8300,66.7100,66.7500,14160
2024-12-02 16:25:00,66.7000,66.7900,66.7000,66.7600,9814
2024-12-02 16:24:00,66.7100,66.7100,66.6600,66.7000,7193
2024-12-02 16:23:00,66.7200,66.7500,66.6900,66.6900,3738
2024-12-02 16:22:00,66.6600,66.7100,66.6600,66.7000,13202
2024-12-02 16:21:00,66.6600,66.7000,66.6500,66.6800,17511
2024-12-02 16:20:00,66.6100,66.6600,66.5700,66.6597,19825
2024-12-02 16:19:00,66.6300,66.6300,66.6000,66.6100,1241
2024-12-02 16:18:00,66.6000,66.6400,66.6000,66.6390,1091
2024-12-02 16:17:00,66.5800,66.6500,66.5800,66.6000,2560
2024-12-02 16:16:00,66.5607,66.6500,66.5600,66.6150,34760
2024-12-02 16:15:00,66.3900,66.5800,66.3900,66.5700,13898
2024-12-02 16:14:00,66.4800,66.4900,66.4500,66.4515,730
2024-12-02 16:13:00,66.5100,66.5100,66.3900,66.4600,2322
2024-12-02 16:12:00,66.5101,66.5200,66.5100,66.5100,1006
2024-12-02 16:11:00,66.5100,66.5200,66.5100,66.5100,7700
2024-12-02 16:10:00,66.5100,66.5200,66.3900,66.5100,10883
2024-12-02 16:09:00,66.5150,66.5200,66.5100,66.5200,7973
2024-12-02 16:08:00,66.5100,66.5200,66.5100,66.5200,2643
2024-12-02 16:07:00,66.5200,66.5200,66.5100,66.5100,1583
2024-12-02 16:06:00,66.5200,66.5200,66.3834,66.5100,3942
2024-12-02 16:05:00,66.5100,66.5300,66.5100,66.5100,2616
2024-12-02 16:04:00,66.5300,66.5300,66.5100,66.5200,3228
2024-12-02 16:03:00,66.5100,66.5399,66.3900,66.5100,116342
2024-12-02 16:02:00,66.5300,66.5400,66.3900,66.5400,44327
2024-12-02 16:01:00,66.4850,66.5400,66.3900,66.3900,20012
2024-12-02 16:00:00,66.3601,66.4900,66.3400,66.4800,3925555
2024-12-02 15:59:00,66.3750,66.4300,66.3500,66.3800,452429
2024-12-02 15:58:00,66.4100,66.4100,66.3609,66.3609,257580
2024-12-02 15:57:00,66.3400,66.4300,66.3300,66.4100,232387
2024-12-02 15:56:00,66.4000,66.4100,66.2900,66.3500,195714
2024-12-02 15:55:00,66.2500,66.4300,66.2500,66.4000,273393
2024-12-02 15:54:00,66.2000,66.3100,66.1996,66.2423,123828
2024-12-02 15:53:00,66.1850,66.2700,66.1200,66.1900,131777
2024-12-02 15:52:00,66.1700,66.2500,66.1500,66.1900,94137
2024-12-02 15:51:00,66.0950,66.1700,66.0800,66.1600,140606
2024-12-02 15:50:00,66.1900,66.2100,66.0800,66.0984,160188
2024-12-02 15:49:00,66.2350,66.2499,66.1800,66.1966,99270
2024-12-02 15:48:00,66.1700,66.2500,66.1500,66.2280,126890
2024-12-02 15:47:00,66.1800,66.2284,66.1500,66.1689,137371
2024-12-02 15:46:00,66.2200,66.2300,66.1600,66.1850,111824
2024-12-02 15:45:00,66.2700,66.2800,66.1400,66.2300,204045
2024-12-02 15:44:00,66.3700,66.3799,66.2500,66.2624,218664
2024-12-02 15:43:00,66.4400,66.4600,66.3600,66.3750,122055
2024-12-02 15:42:00,66.4766,66.4972,66.4250,66.4450,62134
2024-12-02 15:41:00,66.5100,66.5200,66.4600,66.4700,41539
2024-12-02 15:40:00,66.5400,66.5699,66.4900,66.5150,67708
2024-12-02 15:39:00,66.4500,66.5674,66.4350,66.5250,128494
2024-12-02 15:38:00,66.4450,66.4800,66.4400,66.4500,79432
2024-12-02 15:37:00,66.4601,66.4900,66.4400,66.4401,70191
2024-12-02 15:36:00,66.5501,66.5550,66.4500,66.4620,102864
2024-12-02 15:35:00,66.5700,66.5800,66.5400,66.5500,48430
2024-12-02 15:34:00,66.5150,66.6000,66.5099,66.5724,114804
2024-12-02 15:33:00,66.5050,66.5304,66.5000,66.5150,40484
2024-12-02 15:32:00,66.5350,66.5500,66.5000,66.5050,83960
2024-12-02 15:31:00,66.5301,66.5700,66.5141,66.5400,88845
2024-12-02 15:30:00,66.6363,66.6363,66.5300,66.5400,89018
2024-12-02 15:29:00,66.6100,66.6750,66.6000,66.6300,93386
2024-12-02 15:28:00,66.5700,66.6300,66.5700,66.6150,55300
2024-12-02 15:27:00,66.6001,66.6300,66.5600,66.5699,54157
2024-12-02 15:26:00,66.6150,66.6400,66.5950,66.5950,61715
2024-12-02 15:25:00,66.6301,66.6350,66.5900,66.6105,75442
2024-12-02 15:24:00,66.6499,66.6500,66.6201,66.6350,76227
2024-12-02 15:23:00,66.7090,66.7200,66.6300,66.6400,71584
2024-12-02 15:22:00,66.6875,66.7200,66.6800,66.7000,34300
2024-12-02 15:21:00,66.6900,66.7200,66.6800,66.6857,58672
2024-12-02 15:20:00,66.7400,66.7500,66.6801,66.6802,74569
2024-12-02 15:19:00,66.7625,66.7700,66.7100,66.7326,81928
2024-12-02 15:18:00,66.7550,66.7700,66.7501,66.7650,27501
2024-12-02 15:17:00,66.7700,66.7780,66.7400,66.7501,45796
2024-12-02 15:16:00,66.8000,66.8078,66.7300,66.7700,59096
2024-12-02 15:15:00,66.7700,66.8300,66.7400,66.7950,157343
2024-12-02 15:14:00,66.7950,66.8200,66.7601,66.7695,70270
2024-12-02 15:13:00,66.8218,66.8280,66.7900,66.7950,76695
2024-12-02 15:12:00,66.7600,66.8400,66.7520,66.8201,104044
2024-12-02 15:11:00,66.7450,66.7700,66.7350,66.7550,63751
2024-12-02 15:10:00,66.7199,66.7500,66.7001,66.7500,62850
2024-12-02 15:09:00,66.7100,66.7300,66.7100,66.7128,48042
2024-12-02 15:08:00,66.6750,66.7200,66.6724,66.7150,71568
2024-12-02 15:07:00,66.6550,66.6785,66.6550,66.6745,24999
2024-12-02 15:06:00,66.6600,66.6800,66.6500,66.6550,39995
2024-12-02 15:05:00,66.5900,66.6900,66.5900,66.6669,127703
2024-12-02 15:04:00,66.5900,66.6000,66.5400,66.5825,98745
2024-12-02 15:03:00,66.5700,66.6064,66.5650,66.5900,47797
2024-12-02 15:02:00,66.6350,66.6500,66.5400,66.5630,111330
2024-12-02 15:01:00,66.6100,66.6500,66.5950,66.6346,34765
2024-12-02 15:00:00,66.5900,66.6500,66.5800,66.6100,58315
2024-12-02 14:59:00,66.5714,66.6100,66.5601,66.5985,54218
2024-12-02 14:58:00,66.5799,66.5900,66.5645,66.5768,55635
2024-12-02 14:57:00,66.5450,66.5900,66.5400,66.5794,44739
2024-12-02 14:56:00,66.5050,66.5400,66.4950,66.5400,58416
2024-12-02 14:55:00,66.5314,66.5400,66.5000,66.5050,36287
2024-12-02 14:54:00,66.5750,66.5799,66.5400,66.5400,34474
2024-12-02 14:53:00,66.5500,66.5900,66.5400,66.5750,34653
2024-12-02 14:52:00,66.5200,66.5781,66.5200,66.5400,81033
2024-12-02 14:51:00,66.4800,66.5262,66.4800,66.5200,44575
2024-12-02 14:50:00,66.4600,66.4700,66.4388,66.4700,29250
2024-12-02 14:49:00,66.4861,66.5000,66.4660,66.4700,39752
2024-12-02 14:48:00,66.4700,66.5000,66.4700,66.4877,44579
2024-12-02 14:47:00,66.4250,66.4750,66.4200,66.4700,41253
2024-12-02 14:46:00,66.4201,66.4400,66.4150,66.4283,23960
2024-12-02 14:45:00,66.4400,66.4477,66.4200,66.4300,27040
2024-12-02 14:44:00,66.4100,66.4550,66.4050,66.4460,24673
2024-12-02 14:43:00,66.4110,66.4450,66.4000,66.4000,29431
2024-12-02 14:42:00,66.3656,66.4200,66.3601,66.4200,27468
2024-12-02 14:41:00,66.4250,66.4500,66.3650,66.3650,20968
2024-12-02 14:40:00,66.4250,66.4400,66.3900,66.4299,56639
2024-12-02 14:39:00,66.4403,66.4403,66.4100,66.4252,32279
2024-12-02 14:38:00,66.4500,66.4667,66.4400,66.4476,23399
2024-12-02 14:37:00,66.4650,66.4900,66.4500,66.4500,41066
2024-12-02 14:36:00,66.4600,66.4900,66.4350,66.4650,43718
2024-12-02 14:35:00,66.4800,66.5200,66.4500,66.4550,47068
2024-12-02 14:34:00,66.4842,66.5100,66.4616,66.4850,55190
2024-12-02 14:33:00,66.4850,66.5100,66.4600,66.4800,38223
2024-12-02 14:32:00,66.4361,66.4900,66.4361,66.4800,36703
2024-12-02 14:31:00,66.4199,66.4550,66.4100,66.4400,25350
2024-12-02 14:30:00,66.4200,66.4400,66.3900,66.4200,37919
2024-12-02 14:29:00,66.4900,66.5050,66.4200,66.4200,28651
2024-12-02 14:28:00,66.4862,66.5099,66.4650,66.5000,50944
2024-12-02 14:27:00,66.4200,66.5000,66.4200,66.4900,37056
2024-12-02 14:26:00,66.4250,66.4750,66.4000,66.4250,34329
2024-12-02 14:25:00,66.4306,66.4500,66.4300,66.4300,19000
2024-12-02 14:24:00,66.4100,66.4399,66.3900,66.4328,23825
2024-12-02 14:23:00,66.4060,66.4200,66.3800,66.3975,24863
2024-12-02 14:22:00,66.4031,66.4280,66.4000,66.4100,19488
2024-12-02 14:21:00,66.4389,66.4550,66.3900,66.4079,41673
2024-12-02 14:20:00,66.4500,66.4650,66.4200,66.4200,34078
2024-12-02 14:19:00,66.3800,66.4600,66.3800,66.4550,27556
2024-12-02 14:18:00,66.4100,66.4100,66.3770,66.3800,25333
2024-12-02 14:17:00,66.3500,66.4200,66.3400,66.4153,36505
2024-12-02 14:16:00,66.4388,66.4400,66.3600,66.3600,29374
2024-12-02 14:15:00,66.4200,66.4700,66.4189,66.4402,40576
2024-12-02 14:14:00,66.4450,66.4500,66.3800,66.4050,37812
2024-12-02 14:13:00,66.4000,66.4662,66.3900,66.4500,50981
2024-12-02 14:12:00,66.3766,66.4197,66.3600,66.4000,64556
2024-12-02 14:11:00,66.4330,66.4400,66.3800,66.3800,39347
2024-12-02 14:10:00,66.4300,66.4400,66.4125,66.4350,22987
2024-12-02 14:09:00,66.4301,66.4499,66.4206,66.4400,34256
2024-12-02 14:08:00,66.4450,66.4600,66.4100,66.4350,54456
2024-12-02 14:07:00,66.4350,66.4500,66.3900,66.4481,31779
2024-12-02 14:06:00,66.4550,66.4650,66.4200,66.4400,64004
2024-12-02 14:05:00,66.5646,66.5686,66.4300,66.4538,63123
2024-12-02 14:04:00,66.5300,66.6200,66.5250,66.5700,70605
2024-12-02 14:03:00,66.4920,66.5305,66.4888,66.5250,34099
2024-12-02 14:02:00,66.6400,66.6500,66.4600,66.4950,98117
2024-12-02 14:01:00,66.5890,66.6450,66.5800,66.6400,31042
2024-12-02 14:00:00,66.6600,66.6600,66.5500,66.5901,99369
2024-12-02 13:59:00,66.6300,66.6700,66.6300,66.6600,66959
2024-12-02 13:58:00,66.6599,66.6651,66.6023,66.6300,76679
2024-12-02 13:57:00,66.6250,66.6600,66.6200,66.6555,59413
2024-12-02 13:56:00,66.6498,66.6498,66.6000,66.6300,49757
2024-12-02 13:55:00,66.6000,66.6498,66.5800,66.6418,51650
2024-12-02 13:54:00,66.5650,66.6400,66.5600,66.6099,66099
2024-12-02 13:53:00,66.5696,66.5786,66.5500,66.5621,45113
2024-12-02 13:52:00,66.5381,66.5900,66.5381,66.5700,56629
2024-12-02 13:51:00,66.5178,66.5470,66.5100,66.5301,34420
2024-12-02 13:50:00,66.4850,66.5300,66.4750,66.5150,27516
2024-12-02 13:49:00,66.5050,66.5200,66.4600,66.4800,48664
2024-12-02 13:48:00,66.4486,66.5200,66.4486,66.5100,82435
2024-12-02 13:47:00,66.4300,66.4800,66.4300,66.4400,23833
2024-12-02 13:46:00,66.4100,66.4399,66.3950,66.4300,34343
2024-12-02 13:45:00,66.3850,66.4200,66.3800,66.4100,35441
2024-12-02 13:44:00,66.4719,66.4774,66.3500,66.3900,82691
2024-12-02 13:43:00,66.4890,66.4900,66.4700,66.4750,27088
2024-12-02 13:42:00,66.4250,66.4900,66.4200,66.4900,93913
2024-12-02 13:41:00,66.3300,66.4300,66.3300,66.4250,43472
2024-12-02 13:40:00,66.3925,66.4799,66.3200,66.3201,84490
2024-12-02 13:39:00,66.3500,66.4000,66.3500,66.3950,65964
2024-12-02 13:38:00,66.2687,66.3800,66.2300,66.3610,77064
2024-12-02 13:37:00,66.2300,66.2800,66.2232,66.2700,42197
2024-12-02 13:36:00,66.2299,66.2894,66.2153,66.2300,50986
2024-12-02 13:35:00,66.2500,66.2600,66.2000,66.2269,48364
2024-12-02 13:34:00,66.2950,66.3300,66.2300,66.2300,74474
2024-12-02 13:33:00,66.1450,66.3300,66.1300,66.2950,97356
2024-12-02 13:32:00,66.0800,66.1500,66.0650,66.1500,59461
2024-12-02 13:31:00,66.0329,66.0900,66.0300,66.0800,50789
2024-12-02 13:30:00,66.0800,66.1500,66.0300,66.0400,70054
2024-12-02 13:29:00,66.1050,66.1300,66.0800,66.0900,79095
2024-12-02 13:28:00,66.0800,66.1531,66.0700,66.1065,64583
2024-12-02 13:27:00,66.0227,66.0900,66.0200,66.0800,43323
2024-12-02 13:26:00,66.0500,66.0600,66.0100,66.0200,47402
2024-12-02 13:25:00,66.0800,66.0899,66.0200,66.0468,122742
2024-12-02 13:24:00,66.1599,66.1600,66.0800,66.0805,49186
2024-12-02 13:23:00,66.1800,66.1800,66.1400,66.1500,26326
2024-12-02 13:22:00,66.2200,66.2299,66.1500,66.1800,59389
2024-12-02 13:21:00,66.2100,66.2300,66.2000,66.2250,41961
2024-12-02 13:20:00,66.2100,66.2200,66.1400,66.2150,69062
2024-12-02 13:19:00,66.2550,66.2599,66.1900,66.2100,58684
2024-12-02 13:18:00,66.2250,66.2852,66.2200,66.2550,41890
2024-12-02 13:17:00,66.1800,66.2600,66.1600,66.2400,59480
2024-12-02 13:16:00,66.2150,66.2150,66.1545,66.1831,63133
2024-12-02 13:15:00,66.2250,66.2900,66.2000,66.2100,80211
2024-12-02 13:14:00,66.2400,66.2400,66.1900,66.2200,56829
2024-12-02 13:13:00,66.1900,66.2599,66.1855,66.2400,53442
2024-12-02 13:12:00,66.1908,66.2200,66.1500,66.1900,68331
2024-12-02 13:11:00,66.1750,66.2200,66.1700,66.1900,38494
2024-12-02 13:10:00,66.1701,66.2100,66.1500,66.1750,56822
2024-12-02 13:09:00,66.1530,66.2400,66.1000,66.1700,152524
2024-12-02 13:08:00,66.1401,66.1600,66.0900,66.1496,86345
2024-12-02 13:07:00,66.0700,66.1600,66.0700,66.1448,80188
2024-12-02 13:06:00,66.0900,66.1000,66.0500,66.0600,70999
2024-12-02 13:05:00,66.0750,66.1600,66.0700,66.0950,82331
2024-12-02 13:04:00,66.1250,66.1400,66.0600,66.0799,68683
2024-12-02 13:03:00,66.0327,66.1400,65.9600,66.1358,352028
2024-12-02 13:02:00,66.1200,66.1200,66.0100,66.0366,208793
2024-12-02 13:01:00,66.2102,66.2200,66.1100,66.1150,186551
2024-12-02 13:00:00,66.3250,66.3400,66.2100,66.2199,77125
2024-12-02 12:59:00,66.3301,66.3453,66.3000,66.3300,41602
2024-12-02 12:58:00,66.4154,66.4300,66.3107,66.3301,53997
2024-12-02 12:57:00,66.4500,66.4500,66.4100,66.4200,31201
2024-12-02 12:56:00,66.4277,66.4600,66.4025,66.4552,40206
2024-12-02 12:55:00,66.4650,66.4752,66.4250,66.4250,30178
2024-12-02 12:54:00,66.4577,66.4800,66.4400,66.4639,32732
2024-12-02 12:53:00,66.4800,66.4900,66.4200,66.4500,52617
2024-12-02 12:52:00,66.4700,66.4900,66.4600,66.4884,36049
2024-12-02 12:51:00,66.4300,66.4700,66.4300,66.4700,27143
2024-12-02 12:50:00,66.4200,66.4700,66.4100,66.4350,41927
2024-12-02 12:49:00,66.4861,66.4900,66.3900,66.4400,96366
2024-12-02 12:48:00,66.5001,66.5300,66.4800,66.4800,48840
2024-12-02 12:47:00,66.4950,66.5100,66.4700,66.5001,47757
2024-12-02 12:46:00,66.5050,66.5299,66.4700,66.4975,35237
2024-12-02 12:45:00,66.4340,66.5500,66.4201,66.5087,87018
2024-12-02 12:44:00,66.4803,66.4900,66.3900,66.4450,66465
2024-12-02 12:43:00,66.4500,66.4885,66.4300,66.4800,84991
2024-12-02 12:42:00,66.3000,66.4500,66.3000,66.4400,92756
2024-12-02 12:41:00,66.2396,66.3200,66.2396,66.3000,66165
2024-12-02 12:40:00,66.3300,66.3500,66.2400,66.2400,73934
2024-12-02 12:39:00,66.3106,66.3245,66.2850,66.3200,55104
2024-12-02 12:38:00,66.3397,66.3599,66.2900,66.3200,72156
2024-12-02 12:37:00,66.4150,66.4300,66.3200,66.3300,78298
2024-12-02 12:36:00,66.3450,66.4250,66.3300,66.4150,72860
2024-12-02 12:35:00,66.3050,66.3900,66.3000,66.3400,74906
2024-12-02 12:34:00,66.4200,66.4400,66.3000,66.3099,131463
2024-12-02 12:33:00,66.3686,66.4400,66.3600,66.4200,93833
2024-12-02 12:32:00,66.2900,66.3800,66.2730,66.3700,106770
2024-12-02 12:31:00,66.2350,66.3000,66.1600,66.2800,132499
2024-12-02 12:30:00,66.3000,66.3086,66.2100,66.2400,125166
2024-12-02 12:29:00,66.3500,66.3500,66.2300,66.2900,181600
2024-12-02 12:28:00,66.4100,66.4100,66.3400,66.3429,84772
2024-12-02 12:27:00,66.4300,66.4400,66.4000,66.4103,64121
2024-12-02 12:26:00,66.5100,66.5147,66.4200,66.4200,174903
2024-12-02 12:25:00,66.5300,66.5400,66.5000,66.5150,60654
2024-12-02 12:24:00,66.5838,66.6077,66.5200,66.5356,82750
2024-12-02 12:23:00,66.6450,66.6500,66.5800,66.5900,86732
2024-12-02 12:22:00,66.6600,66.7100,66.6400,66.6455,88016
2024-12-02 12:21:00,66.6600,66.6999,66.6200,66.6500,69866
2024-12-02 12:20:00,66.6300,66.7000,66.6100,66.6534,154131
2024-12-02 12:19:00,66.7073,66.7073,66.6300,66.6300,69356
2024-12-02 12:18:00,66.7700,66.7799,66.7100,66.7100,74570
2024-12-02 12:17:00,66.8150,66.8192,66.7654,66.7654,64575
2024-12-02 12:16:00,66.8750,66.9000,66.8128,66.8200,49610
2024-12-02 12:15:00,66.8500,66.9000,66.8401,66.8800,20102
2024-12-02 12:14:00,66.8550,66.8750,66.8200,66.8462,26518
2024-12-02 12:13:00,66.8051,66.8600,66.8051,66.8500,31071
2024-12-02 12:12:00,66.8150,66.8300,66.7700,66.8085,37620
2024-12-02 12:11:00,66.9097,66.9097,66.8100,66.8150,42612
2024-12-02 12:10:00,66.8450,66.9100,66.8450,66.9100,40761
2024-12-02 12:09:00,66.7650,66.8500,66.7600,66.8500,48177
2024-12-02 12:08:00,66.7500,66.7900,66.7400,66.7650,42644
2024-12-02 12:07:00,66.7699,66.7700,66.7201,66.7531,69395
2024-12-02 12:06:00,66.8500,66.8500,66.7200,66.7650,100197
2024-12-02 12:05:00,66.9100,66.9100,66.8491,66.8500,45172
2024-12-02 12:04:00,66.9495,66.9600,66.9050,66.9192,30969
2024-12-02 12:03:00,66.9200,66.9700,66.9200,66.9500,70117
2024-12-02 12:02:00,66.8800,66.9400,66.8800,66.9250,80896
2024-12-02 12:01:00,66.8292,66.8900,66.8292,66.8883,47054
2024-12-02 12:00:00,66.8550,66.8683,66.8000,66.8300,57676
2024-12-02 11:59:00,66.8200,66.8550,66.8100,66.8500,23604
2024-12-02 11:58:00,66.8000,66.8500,66.7900,66.8300,27378
2024-12-02 11:57:00,66.7701,66.8200,66.7701,66.8050,27371
2024-12-02 11:56:00,66.8173,66.8200,66.7700,66.7771,45253
2024-12-02 11:55:00,66.8400,66.8400,66.8100,66.8100,49055
2024-12-02 11:54:00,66.8900,66.8952,66.8001,66.8450,41893
2024-12-02 11:53:00,66.8350,66.8900,66.8300,66.8750,59494
2024-12-02 11:52:00,66.9000,66.9099,66.8300,66.8350,42984
2024-12-02 11:51:00,66.9208,66.9500,66.8900,66.9000,116863
2024-12-02 11:50:00,66.8450,66.9300,66.8115,66.9215,80221
2024-12-02 11:49:00,66.7400,66.8564,66.7200,66.8450,80974
2024-12-02 11:48:00,66.7862,66.8100,66.7500,66.7550,58234
2024-12-02 11:47:00,66.8100,66.8100,66.7600,66.7850,31090
2024-12-02 11:46:00,66.7450,66.8200,66.7000,66.8100,71424
2024-12-02 11:45:00,66.7900,66.8069,66.7200,66.7500,91128
2024-12-02 11:44:00,66.8101,66.8300,66.7727,66.7800,41098
2024-12-02 11:43:00,66.7801,66.8500,66.7801,66.8300,58364
2024-12-02 11:42:00,66.7200,66.8100,66.7111,66.7900,62535
2024-12-02 11:41:00,66.7400,66.7900,66.7100,66.7100,64440
2024-12-02 11:40:00,66.8000,66.8099,66.7300,66.7499,71728
2024-12-02 11:39:00,66.8400,66.8600,66.8001,66.8078,69775
2024-12-02 11:38:00,66.8300,66.8900,66.7900,66.8250,59026
2024-12-02 11:37:00,66.8100,66.8600,66.8050,66.8353,35236
2024-12-02 11:36:00,66.7840,66.8450,66.7700,66.8050,50399
2024-12-02 11:35:00,66.7600,66.7900,66.6700,66.7865,106041
2024-12-02 11:34:00,66.8243,66.8700,66.7250,66.7600,117447
2024-12-02 11:33:00,66.8500,66.8580,66.8150,66.8300,63711
2024-12-02 11:32:00,66.8001,66.8800,66.7800,66.8501,105245
2024-12-02 11:31:00,66.8350,66.8530,66.7900,66.8100,78812
2024-12-02 11:30:00,66.8300,66.8900,66.8300,66.8350,55524
2024-12-02 11:29:00,66.7850,66.8500,66.7600,66.8380,155407
2024-12-02 11:28:00,66.8014,66.8100,66.7600,66.7850,58901
2024-12-02 11:27:00,66.8965,66.9100,66.7600,66.8050,104483
2024-12-02 11:26:00,66.9350,67.0200,66.8800,66.8947,179373
2024-12-02 11:25:00,66.8900,66.9500,66.8600,66.9399,77991
2024-12-02 11:24:00,66.8050,66.9300,66.8050,66.8900,117716
2024-12-02 11:23:00,66.9101,66.9101,66.7700,66.8099,153194
2024-12-02 11:22:00,66.9450,66.9800,66.9000,66.9100,72795
2024-12-02 11:21:00,66.9200,66.9500,66.9000,66.9450,61578
2024-12-02 11:20:00,66.9900,67.0174,66.9000,66.9273,90895
2024-12-02 11:19:00,66.8900,67.0500,66.8800,66.9809,87788
2024-12-02 11:18:00,66.9400,66.9500,66.8600,66.8850,87232
2024-12-02 11:17:00,67.0213,67.0213,66.9301,66.9400,139003
2024-12-02 11:16:00,66.9900,67.0400,66.9600,67.0209,122009
2024-12-02 11:15:00,66.9699,67.0000,66.9500,66.9969,58956
2024-12-02 11:14:00,66.9100,67.0000,66.9100,66.9650,171586
2024-12-02 11:13:00,66.8200,66.9300,66.8100,66.9150,40246
2024-12-02 11:12:00,66.7750,66.8600,66.7701,66.8300,66885
2024-12-02 11:11:00,66.8707,66.9300,66.7700,66.7700,101547
2024-12-02 11:10:00,66.9500,66.9900,66.8600,66.8800,125819
2024-12-02 11:09:00,66.8199,66.9600,66.8116,66.9450,120572
2024-12-02 11:08:00,66.8100,66.8270,66.7750,66.8120,51497
2024-12-02 11:07:00,66.7601,66.8800,66.7400,66.8299,103176
2024-12-02 11:06:00,66.7340,66.8170,66.7200,66.7700,58913
2024-12-02 11:05:00,66.7100,66.7700,66.6500,66.7300,70912
2024-12-02 11:04:00,66.6754,66.7250,66.6700,66.7100,70284
2024-12-02 11:03:00,66.7020,66.7554,66.6600,66.6899,42992
2024-12-02 11:02:00,66.7809,66.8200,66.7000,66.7050,78069
2024-12-02 11:01:00,66.7250,66.8000,66.6900,66.7700,95920
2024-12-02 11:00:00,66.5700,66.7250,66.5300,66.7250,105803
2024-12-02 10:59:00,66.6500,66.6600,66.5101,66.5700,87653
2024-12-02 10:58:00,66.4899,66.7000,66.4701,66.6600,190734
2024-12-02 10:57:00,66.4700,66.5500,66.4410,66.4750,186930
2024-12-02 10:56:00,66.5500,66.5799,66.4600,66.4699,60045
2024-12-02 10:55:00,66.6500,66.6599,66.5100,66.5450,101375
2024-12-02 10:54:00,66.5900,66.6450,66.5800,66.6318,76184
2024-12-02 10:53:00,66.5300,66.5931,66.5300,66.5890,41188
2024-12-02 10:52:00,66.7100,66.7199,66.4900,66.5400,98531
2024-12-02 10:51:00,66.4640,66.7300,66.4640,66.7150,192507
2024-12-02 10:50:00,66.5599,66.5600,66.4400,66.4728,114142
2024-12-02 10:49:00,66.5850,66.7000,66.5147,66.5513,205195
2024-12-02 10:48:00,66.5550,66.6000,66.5200,66.5900,63203
2024-12-02 10:47:00,66.5400,66.6450,66.5000,66.5600,135066
2024-12-02 10:46:00,66.5442,66.5900,66.5200,66.5401,97623
2024-12-02 10:45:00,66.5600,66.5700,66.4500,66.5300,201688
2024-12-02 10:44:00,66.5450,66.6499,66.5000,66.5300,191706
2024-12-02 10:43:00,66.4401,66.5500,66.4300,66.5400,167402
2024-12-02 10:42:00,66.3946,66.4700,66.3900,66.4400,167961
2024-12-02 10:41:00,66.2700,66.3940,66.2600,66.3940,158568
2024-12-02 10:40:00,66.1300,66.2900,66.0950,66.2850,176598
2024-12-02 10:39:00,66.2279,66.2300,66.1000,66.1100,142735
2024-12-02 10:38:00,66.1550,66.2300,66.0812,66.2299,193160
2024-12-02 10:37:00,66.2500,66.2500,66.1000,66.1503,297177
2024-12-02 10:36:00,66.2800,66.4000,66.2300,66.2350,213378
2024-12-02 10:35:00,66.3802,66.3900,66.1800,66.2700,280439
2024-12-02 10:34:00,66.3800,66.4600,66.3400,66.3800,158034
2024-12-02 10:33:00,66.2799,66.4300,66.2656,66.3900,254253
2024-12-02 10:32:00,66.6376,66.6400,66.2600,66.2750,488491
2024-12-02 10:31:00,66.7540,66.7599,66.5800,66.6399,244415
2024-12-02 10:30:00,66.7800,66.8000,66.7100,66.7599,170400
2024-12-02 10:29:00,66.8300,66.8400,66.7500,66.7780,169067
2024-12-02 10:28:00,66.9201,66.9400,66.8100,66.8200,143377
2024-12-02 10:27:00,67.0100,67.0200,66.8700,66.9200,153447
2024-12-02 10:26:00,67.0900,67.0900,67.0000,67.0200,84812
2024-12-02 10:25:00,67.0499,67.1500,67.0400,67.0999,95263
2024-12-02 10:24:00,67.0900,67.1150,67.0000,67.0400,116439
2024-12-02 10:23:00,67.0500,67.1100,67.0100,67.0950,75132
2024-12-02 10:22:00,67.0000,67.1150,66.9900,67.0500,102858
2024-12-02 10:21:00,67.1050,67.1392,66.9700,66.9950,123473
2024-12-02 10:20:00,67.1900,67.2000,67.0600,67.1000,136261
2024-12-02 10:19:00,67.1100,67.1900,67.0800,67.1900,131943
2024-12-02 10:18:00,67.1200,67.1950,67.0800,67.1200,243437
2024-12-02 10:17:00,67.0150,67.1400,67.0101,67.1202,137501
2024-12-02 10:16:00,66.8601,67.0400,66.8550,67.0150,135448
2024-12-02 10:15:00,66.8950,66.9165,66.7800,66.8800,86922
2024-12-02 10:14:00,66.8100,66.9500,66.8100,66.8950,119586
2024-12-02 10:13:00,66.7700,66.8800,66.7600,66.8000,122878
2024-12-02 10:12:00,66.8900,66.9500,66.7600,66.7900,128004
2024-12-02 10:11:00,66.8000,66.9500,66.6900,66.9011,180403
2024-12-02 10:10:00,66.7858,66.8100,66.7000,66.7900,144779
2024-12-02 10:09:00,66.8750,66.8900,66.7800,66.7850,99819
2024-12-02 10:08:00,66.8100,66.9639,66.7600,66.8900,172715
2024-12-02 10:07:00,67.0450,67.0600,66.7800,66.8200,271218
2024-12-02 10:06:00,67.0400,67.1600,67.0000,67.0600,135872
2024-12-02 10:05:00,67.0701,67.1500,67.0100,67.0399,129687
2024-12-02 10:04:00,66.9500,67.0800,66.9200,67.0700,140963
2024-12-02 10:03:00,67.1250,67.1472,66.9300,66.9600,192497
2024-12-02 10:02:00,67.1500,67.2500,67.0800,67.1300,370825
2024-12-02 10:01:00,67.0550,67.4173,67.0100,67.1600,164188
2024-12-02 10:00:00,67.0800,67.1600,66.9934,67.0700,239791
2024-12-02 09:59:00,67.0100,67.1199,67.0100,67.0800,134460
2024-12-02 09:58:00,66.9000,67.0200,66.8550,67.0200,143586
2024-12-02 09:57:00,66.9400,66.9400,66.8300,66.9200,182078
2024-12-02 09:56:00,67.0000,67.1000,66.9226,66.9400,194178
2024-12-02 09:55:00,66.9400,67.0200,66.8700,67.0050,236278
2024-12-02 09:54:00,66.8933,66.9499,66.7600,66.9400,271633
2024-12-02 09:53:00,66.8700,66.9300,66.8300,66.9000,178103
2024-12-02 09:52:00,66.9199,66.9500,66.8400,66.8800,201542
2024-12-02 09:51:00,67.1750,67.1899,66.9000,66.9100,315899
2024-12-02 09:50:00,67.2601,67.2750,67.1000,67.1700,209219
2024-12-02 09:49:00,67.2300,67.2900,67.1000,67.2621,211691
2024-12-02 09:48:00,67.2900,67.2948,67.0300,67.2250,314608
2024-12-02 09:47:00,67.6000,67.6000,67.2200,67.2950,332502
2024-12-02 09:46:00,67.7599,67.7599,67.5150,67.6000,372110
2024-12-02 09:45:00,67.7700,67.8700,67.6901,67.7300,325359
2024-12-02 09:44:00,67.6302,67.8800,67.5800,67.7800,493070
2024-12-02 09:43:00,67.5360,67.6500,67.5100,67.6500,343307
2024-12-02 09:42:00,67.5250,67.5799,67.4400,67.5400,430791
2024-12-02 09:41:00,67.3206,67.5800,67.2400,67.5150,429360
2024-12-02 09:40:00,66.9200,67.3500,66.9200,67.3200,358990
2024-12-02 09:39:00,66.8325,66.9400,66.6300,66.9124,237526
2024-12-02 09:38:00,66.7500,66.8500,66.5500,66.8298,315616
2024-12-02 09:37:00,66.8800,66.9999,66.7100,66.7700,247360
2024-12-02 09:36:00,66.9100,66.9710,66.8200,66.8840,196879
2024-12-02 09:35:00,67.0790,67.2292,66.8400,66.9100,285581
2024-12-02 09:34:00,67.2800,67.4500,66.9400,67.0900,351700
2024-12-02 09:33:00,67.2650,67.5300,67.1400,67.2550,556880
2024-12-02 09:32:00,66.5300,67.3300,66.5240,67.2587,661865
2024-12-02 09:31:00,66.9800,67.0000,66.4901,66.5300,477690
2024-12-02 09:30:00,67.4400,67.4400,66.8700,66.9804,1435254
2024-12-02 09:29:00,67.4600,67.4900,67.4300,67.4400,8007
2024-12-02 09:28:00,67.4100,67.4900,67.3790,67.4400,8442
2024-12-02 09:27:00,67.3800,67.4000,67.3200,67.3600,6623
2024-12-02 09:26:00,67.3200,67.3800,67.3100,67.3800,4642
2024-12-02 09:25:00,67.4000,67.4000,67.3100,67.3200,8252
2024-12-02 09:24:00,67.3715,67.4200,67.3715,67.4100,3656
2024-12-02 09:23:00,67.3300,67.4000,67.3300,67.3700,4294
2024-12-02 09:22:00,67.2700,67.3400,67.2700,67.3300,6018
2024-12-02 09:21:00,67.3100,67.3199,67.2600,67.2701,8855
2024-12-02 09:20:00,67.3400,67.3400,67.3100,67.3200,8793
2024-12-02 09:19:00,67.3500,67.3600,67.3300,67.3399,14795
2024-12-02 09:18:00,67.4100,67.4100,67.3500,67.3500,28014
2024-12-02 09:17:00,67.4200,67.4200,67.4000,67.4100,2062
2024-12-02 09:16:00,67.4891,67.4894,67.4000,67.4100,15630
2024-12-02 09:15:00,67.5100,67.5100,67.4800,67.4800,9591
2024-12-02 09:14:00,67.5200,67.5300,67.5100,67.5100,1956
2024-12-02 09:13:00,67.5300,67.6000,67.5200,67.5300,9934
2024-12-02 09:12:00,67.5210,67.5600,67.5200,67.5300,5075
2024-12-02 09:11:00,67.4800,67.5400,67.4800,67.5393,9618
2024-12-02 09:10:00,67.4700,67.4800,67.4600,67.4800,6835
2024-12-02 09:09:00,67.4800,67.5500,67.4500,67.4800,9116
2024-12-02 09:08:00,67.4700,67.4800,67.4600,67.4700,7391
2024-12-02 09:07:00,67.5000,67.5000,67.4600,67.4700,8061
2024-12-02 09:06:00,67.5300,67.5500,67.4900,67.4900,22075
2024-12-02 09:05:00,67.6100,67.6200,67.5100,67.5500,9651
2024-12-02 09:04:00,67.5500,67.6100,67.5200,67.6100,9967
2024-12-02 09:03:00,67.6100,67.6100,67.5500,67.5600,6548
2024-12-02 09:02:00,67.6200,67.6300,67.5600,67.6100,11471
2024-12-02 09:01:00,67.6300,67.6300,67.6200,67.6300,2103
2024-12-02 09:00:00,67.6200,67.6300,67.6000,67.6300,9265
2024-12-02 08:59:00,67.6000,67.6400,67.6000,67.6199,16542
2024-12-02 08:58:00,67.5700,67.6000,67.5700,67.6000,4354
2024-12-02 08:57:00,67.5600,67.5800,67.5300,67.5700,8242
2024-12-02 08:56:00,67.5200,67.5600,67.4800,67.5599,4595
2024-12-02 08:55:00,67.5800,67.5800,67.5000,67.5295,6969
2024-12-02 08:54:00,67.5500,67.5800,67.5400,67.5700,4608
2024-12-02 08:53:00,67.5400,67.5600,67.5300,67.5500,8193
2024-12-02 08:52:00,67.5200,67.5400,67.5200,67.5300,4815
2024-12-02 08:51:00,67.4900,67.5500,67.4900,67.5300,10107
2024-12-02 08:50:00,67.4800,67.5500,67.4600,67.5000,5111
2024-12-02 08:49:00,67.4900,67.4900,67.4600,67.4800,4041
2024-12-02 08:48:00,67.4400,67.5000,67.4400,67.4850,6106
2024-12-02 08:47:00,67.4300,67.4700,67.4200,67.4450,3265
2024-12-02 08:46:00,67.4000,67.4500,67.4000,67.4500,5451
2024-12-02 08:45:00,67.4300,67.4400,67.4000,67.4100,6823
2024-12-02 08:44:00,67.4200,67.4400,67.4000,67.4400,2048
2024-12-02 08:43:00,67.4900,67.5000,67.4000,67.4200,14336
2024-12-02 08:42:00,67.5200,67.5300,67.4900,67.4900,20945
2024-12-02 08:41:00,67.5000,67.5400,67.4900,67.5150,6007
2024-12-02 08:40:00,67.5300,67.5300,67.4900,67.5000,7137
2024-12-02 08:39:00,67.5800,67.5800,67.5200,67.5400,5732
2024-12-02 08:38:00,67.5600,67.5996,67.5500,67.5800,12479
2024-12-02 08:37:00,67.5300,67.5600,67.5300,67.5400,1925
2024-12-02 08:36:00,67.5100,67.5400,67.5100,67.5400,5573
2024-12-02 08:35:00,67.4800,67.5400,67.4600,67.5300,4652
2024-12-02 08:34:00,67.4300,67.4900,67.4300,67.4750,7130
2024-12-02 08:33:00,67.4800,67.5100,67.4100,67.4200,6089
2024-12-02 08:32:00,67.5500,67.5700,67.4900,67.5100,9424
2024-12-02 08:31:00,67.5600,67.5800,67.5300,67.5700,9150
2024-12-02 08:30:00,67.5900,67.6100,67.5500,67.5500,5837
2024-12-02 08:29:00,67.6050,67.6200,67.5800,67.6000,9915
2024-12-02 08:28:00,67.6200,67.6500,67.5900,67.6199,8216
2024-12-02 08:27:00,67.6100,67.6200,67.5700,67.6000,5352
2024-12-02 08:26:00,67.5900,67.6100,67.5300,67.5700,11356
2024-12-02 08:25:00,67.5700,67.6500,67.5700,67.6000,4258
2024-12-02 08:24:00,67.5500,67.5700,67.5300,67.5700,6107
2024-12-02 08:23:00,67.5200,67.5600,67.5000,67.5600,15920
2024-12-02 08:22:00,67.5400,67.5500,67.5200,67.5299,6973
2024-12-02 08:21:00,67.6100,67.6100,67.5300,67.5500,8449
2024-12-02 08:20:00,67.6900,67.6900,67.6000,67.6100,22168
2024-12-02 08:19:00,67.6800,67.6900,67.6700,67.6900,3523
2024-12-02 08:18:00,67.6600,67.6800,67.6500,67.6703,9260
2024-12-02 08:17:00,67.6700,67.6700,67.6300,67.6600,4026
2024-12-02 08:16:00,67.6300,67.6500,67.6200,67.6500,10556
2024-12-02 08:15:00,67.6200,67.6700,67.6101,67.6300,17483
2024-12-02 08:14:00,67.6200,67.6300,67.5900,67.6300,9454
2024-12-02 08:13:00,67.6600,67.6700,67.6000,67.6100,23571
2024-12-02 08:12:00,67.6200,67.6700,67.6100,67.6600,18320
2024-12-02 08:11:00,67.5300,67.6300,67.5200,67.6200,12778
2024-12-02 08:10:00,67.4800,67.5200,67.4550,67.5200,23439
2024-12-02 08:09:00,67.4500,67.4800,67.4400,67.4800,7377
2024-12-02 08:08:00,67.4600,67.4800,67.4200,67.4300,9499
2024-12-02 08:07:00,67.4400,67.5000,67.4400,67.4700,9924
2024-12-02 08:06:00,67.3600,67.4700,67.3400,67.4700,12358
2024-12-02 08:05:00,67.3500,67.3600,67.3400,67.3600,3734
2024-12-02 08:04:00,67.3350,67.3500,67.3200,67.3400,3346
2024-12-02 08:03:00,67.3400,67.3400,67.3200,67.3300,4133
2024-12-02 08:02:00,67.3300,67.3400,67.3100,67.3400,7204
2024-12-02 08:01:00,67.3398,67.3650,66.5600,67.3250,1888
2024-12-02 08:00:00,67.2600,67.3800,66.5200,67.3300,313264
2024-12-02 07:59:00,67.3100,67.3300,67.3100,67.3200,702
2024-12-02 07:58:00,67.2900,67.3100,67.2800,67.3100,2503
2024-12-02 07:57:00,67.3000,67.3000,67.2700,67.2900,1738
2024-12-02 07:56:00,67.3100,67.3100,67.3000,67.3000,2440
2024-12-02 07:55:00,67.3400,67.3400,67.3100,67.3100,3237
2024-12-02 07:54:00,67.3400,67.3500,67.3300,67.3400,2869
2024-12-02 07:53:00,67.3500,67.3500,67.3400,67.3400,240
2024-12-02 07:52:00,67.3500,67.3500,67.3300,67.3300,711
2024-12-02 07:51:00,67.3100,67.3400,67.3100,67.3400,2176
2024-12-02 07:50:00,67.3200,67.3200,67.3000,67.3100,3598
2024-12-02 07:49:00,67.3000,67.3100,67.2900,67.3100,1086
2024-12-02 07:48:00,67.3000,67.3000,67.2900,67.3000,971
2024-12-02 07:47:00,67.2900,67.3000,67.2810,67.3000,942
2024-12-02 07:46:00,67.3000,67.3200,67.2900,67.2900,3670
2024-12-02 07:45:00,67.3000,67.3100,67.2800,67.2900,4541
2024-12-02 07:44:00,67.3100,67.3200,67.3000,67.3100,1189
2024-12-02 07:43:00,67.3100,67.3100,67.3000,67.3100,2104
2024-12-02 07:42:00,67.3200,67.3200,67.3000,67.3100,973
2024-12-02 07:41:00,67.3000,67.3200,67.3000,67.3100,1227
2024-12-02 07:40:00,67.2600,67.3200,67.2600,67.3200,2829
2024-12-02 07:39:00,67.2600,67.2900,67.2400,67.2700,880
2024-12-02 07:38:00,67.3000,67.3100,67.2400,67.2600,6312
2024-12-02 07:37:00,67.3300,67.3400,67.2900,67.3100,1369
2024-12-02 07:36:00,67.3500,67.3500,67.3000,67.3400,3658
2024-12-02 07:35:00,67.3600,67.3700,67.3400,67.3500,587
2024-12-02 07:34:00,67.3600,67.3600,67.3400,67.3600,2799
2024-12-02 07:33:00,67.3600,67.3600,67.3100,67.3500,3643
2024-12-02 07:32:00,67.3200,67.3600,67.3200,67.3600,4741
2024-12-02 07:31:00,67.3000,67.3490,67.3000,67.3200,2357
2024-12-02 07:30:00,67.3000,67.3100,67.3000,67.3000,1193
2024-12-02 07:29:00,67.2900,67.3300,67.2800,67.2900,2271
2024-12-02 07:28:00,67.3000,67.3300,67.2800,67.2900,4432
2024-12-02 07:27:00,67.2700,67.3100,67.2200,67.3000,5868
2024-12-02 07:26:00,67.2600,67.2800,67.2390,67.2800,3106
2024-12-02 07:25:00,67.2400,67.2600,67.1800,67.2200,2978
2024-12-02 07:24:00,67.2100,67.2300,67.1900,67.2300,1090
2024-12-02 07:23:00,67.2300,67.2300,67.1900,67.2000,661
2024-12-02 07:22:00,67.2100,67.2300,67.2000,67.2300,1761
2024-12-02 07:21:00,67.2100,67.2300,67.2000,67.2300,799
2024-12-02 07:20:00,67.2100,67.2200,67.1500,67.2100,2732
2024-12-02 07:19:00,67.1800,67.2400,67.1800,67.2100,3960
2024-12-02 07:18:00,67.2100,67.2300,67.1700,67.1800,3877
2024-12-02 07:17:00,67.2100,67.2100,67.1700,67.1800,479
2024-12-02 07:16:00,67.1200,67.2300,67.1100,67.1900,3076
2024-12-02 07:15:00,67.1800,67.1800,67.1100,67.1100,2808
2024-12-02 07:14:00,67.1500,67.1700,67.1400,67.1600,2940
2024-12-02 07:13:00,67.2000,67.2100,67.1600,67.1600,3723
2024-12-02 07:12:00,67.2200,67.2200,67.1700,67.1900,1707
2024-12-02 07:11:00,67.1900,67.2300,67.1700,67.2200,2183
2024-12-02 07:10:00,67.1300,67.2000,67.1100,67.2000,2550
2024-12-02 07:09:00,67.0900,67.1900,67.0900,67.1300,3872
2024-12-02 07:08:00,67.1800,67.2100,67.0800,67.0900,6366
2024-12-02 07:07:00,67.1500,67.1700,67.1500,67.1700,299
2024-12-02 07:06:00,67.1800,67.1800,67.1500,67.1600,457
2024-12-02 07:05:00,67.1200,67.2000,67.0910,67.1800,2860
2024-12-02 07:04:00,67.1500,67.1500,67.0900,67.1200,3134
2024-12-02 07:03:00,67.2600,67.2600,67.1400,67.1500,3313
2024-12-02 07:02:00,67.2300,67.3200,67.2200,67.2800,6335
2024-12-02 07:01:00,67.1900,67.2200,67.0900,67.2200,8915
2024-12-02 07:00:00,67.3700,67.3900,67.0900,67.1910,37322
2024-12-02 06:59:00,67.3800,67.3800,67.3500,67.3700,2469
2024-12-02 06:58:00,67.3700,67.3800,67.3600,67.3800,1149
2024-12-02 06:57:00,67.3400,67.3800,67.3400,67.3800,1232
2024-12-02 06:56:00,67.3200,67.3400,67.3100,67.3400,434
2024-12-02 06:55:00,67.2700,67.3300,67.2700,67.3300,3573
2024-12-02 06:54:00,67.2700,67.2800,67.2600,67.2700,755
2024-12-02 06:53:00,67.2900,67.3000,67.2700,67.2800,274
2024-12-02 06:52:00,67.2800,67.2900,67.2800,67.2800,151
2024-12-02 06:51:00,67.2800,67.3000,67.2700,67.2800,669
2024-12-02 06:50:00,67.2800,67.2900,67.2700,67.2800,799
2024-12-02 06:49:00,67.2800,67.3000,67.2700,67.2800,900
2024-12-02 06:48:00,67.2900,67.2900,67.2600,67.2800,695
2024-12-02 06:47:00,67.2900,67.3000,67.2800,67.2800,1178
2024-12-02 06:46:00,67.2800,67.3000,67.2800,67.3000,895
2024-12-02 06:45:00,67.2800,67.2900,67.2700,67.2900,409
2024-12-02 06:44:00,67.2600,67.2800,67.2600,67.2800,514
2024-12-02 06:43:00,67.2400,67.2700,67.2400,67.2700,993
2024-12-02 06:42:00,67.3000,67.3000,67.2400,67.2400,7031
2024-12-02 06:41:00,67.2900,67.3000,67.2800,67.3000,790
2024-12-02 06:40:00,67.3100,67.3300,67.2800,67.2900,2219
2024-12-02 06:39:00,67.3700,67.3700,67.3000,67.3100,2768
2024-12-02 06:38:00,67.3700,67.3700,67.3300,67.3700,2190
2024-12-02 06:37:00,67.3100,67.3700,67.3100,67.3700,1797
2024-12-02 06:36:00,67.3000,67.3100,67.2900,67.3100,672
2024-12-02 06:35:00,67.2700,67.3000,67.2700,67.3000,3267
2024-12-02 06:34:00,67.2200,67.2800,67.2100,67.2700,6913
2024-12-02 06:33:00,67.2200,67.2200,67.2100,67.2100,300
2024-12-02 06:32:00,67.2200,67.2300,67.2100,67.2200,391
2024-12-02 06:31:00,67.2100,67.2200,67.2000,67.2200,4457
2024-12-02 06:30:00,67.1900,67.2100,67.1900,67.2000,1190
2024-12-02 06:29:00,67.1900,67.2000,67.1900,67.2000,551
2024-12-02 06:28:00,67.1900,67.2000,67.1900,67.1900,262
2024-12-02 06:27:00,67.1900,67.2000,67.1500,67.2000,8002
2024-12-02 06:26:00,67.2000,67.2100,67.1800,67.1900,4355
2024-12-02 06:25:00,67.1400,67.2000,67.1400,67.2000,3073
2024-12-02 06:24:00,67.1500,67.2000,67.1400,67.1400,8021
2024-12-02 06:23:00,67.1500,67.1500,67.1400,67.1500,601
2024-12-02 06:22:00,67.1500,67.1500,67.1400,67.1500,430
2024-12-02 06:21:00,67.1400,67.1500,67.1400,67.1400,178
2024-12-02 06:20:00,67.1400,67.1500,67.1400,67.1400,400
2024-12-02 06:19:00,67.1300,67.1400,67.1300,67.1400,238
2024-12-02 06:18:00,67.1300,67.1400,67.1300,67.1300,298
2024-12-02 06:17:00,67.1400,67.1400,67.1200,67.1300,1657
2024-12-02 06:16:00,67.1400,67.1400,67.1300,67.1400,348
2024-12-02 06:15:00,67.1300,67.1400,67.1300,67.1400,746
2024-12-02 06:14:00,67.1300,67.1300,67.1100,67.1300,238
2024-12-02 06:13:00,67.1300,67.1400,67.1200,67.1200,682
2024-12-02 06:12:00,67.1200,67.1400,67.1100,67.1300,307
2024-12-02 06:11:00,67.1300,67.1300,67.1000,67.1100,343
2024-12-02 06:10:00,67.1600,67.1600,67.1000,67.1200,1256
2024-12-02 06:09:00,67.2000,67.2000,67.1600,67.1700,2104
2024-12-02 06:08:00,67.1900,67.2000,67.1800,67.1900,814
2024-12-02 06:07:00,67.1800,67.2000,67.1700,67.2000,121
2024-12-02 06:06:00,67.1700,67.1900,67.1400,67.1800,826
2024-12-02 06:05:00,67.2000,67.2000,67.1500,67.1700,688
2024-12-02 06:04:00,67.1300,67.2000,67.1200,67.2000,4414
2024-12-02 06:03:00,67.1300,67.1500,67.1200,67.1300,119
2024-12-02 06:02:00,67.1300,67.1400,67.1000,67.1400,1037
2024-12-02 06:01:00,67.1300,67.1400,67.1300,67.1400,196
2024-12-02 06:00:00,67.1000,67.1500,67.0900,67.1400,672
2024-12-02 05:59:00,67.1500,67.1500,67.0900,67.1000,3142
2024-12-02 05:58:00,67.1100,67.1700,67.1100,67.1500,854
2024-12-02 05:57:00,67.1100,67.1200,67.1000,67.1000,727
2024-12-02 05:56:00,67.1400,67.1400,67.1000,67.1100,1233
2024-12-02 05:55:00,67.1500,67.1500,67.1200,67.1400,541
2024-12-02 05:54:00,67.1100,67.1500,67.1100,67.1500,300
2024-12-02 05:53:00,67.0900,67.1200,67.0900,67.1000,352
2024-12-02 05:52:00,67.1500,67.1500,67.0800,67.0900,1249
2024-12-02 05:51:00,67.1200,67.1500,67.0900,67.1300,543
2024-12-02 05:50:00,67.1800,67.1800,67.1200,67.1200,1242
2024-12-02 05:49:00,67.1500,67.1800,67.1500,67.1700,205
2024-12-02 05:48:00,67.1200,67.1400,67.1100,67.1400,88
2024-12-02 05:47:00,67.1200,67.1300,67.1200,67.1200,555
2024-12-02 05:46:00,67.1800,67.1900,67.1000,67.1000,4610
2024-12-02 05:45:00,67.1700,67.1900,67.1700,67.1900,87
2024-12-02 05:44:00,67.1700,67.1800,67.1500,67.1700,997
2024-12-02 05:43:00,67.1800,67.2000,67.1700,67.1700,4251
2024-12-02 05:42:00,67.1600,67.1800,67.1500,67.1800,412
2024-12-02 05:41:00,67.1600,67.1600,67.1500,67.1600,187
2024-12-02 05:40:00,67.1500,67.1700,67.1500,67.1500,400
2024-12-02 05:39:00,67.1900,67.2000,67.1400,67.1500,2710
2024-12-02 05:38:00,67.1800,67.2000,67.1800,67.1800,286
2024-12-02 05:37:00,67.2000,67.2000,67.1800,67.1900,228
2024-12-02 05:36:00,67.1800,67.2000,67.1800,67.1900,266
2024-12-02 05:35:00,67.1800,67.2000,67.1800,67.2000,416
2024-12-02 05:34:00,67.1900,67.1900,67.1800,67.1900,412
2024-12-02 05:33:00,67.1900,67.1900,67.1800,67.1900,257
2024-12-02 05:32:00,67.1900,67.2000,67.1800,67.1900,564
2024-12-02 05:31:00,67.1800,67.2000,67.1800,67.1900,1575
2024-12-02 05:30:00,67.2000,67.2000,67.1800,67.1900,1329
2024-12-02 05:29:00,67.2000,67.2000,67.2000,67.2000,183
2024-12-02 05:28:00,67.2000,67.2100,67.1800,67.2000,604
2024-12-02 05:27:00,67.1500,67.2000,67.1500,67.2000,1053
2024-12-02 05:26:00,67.2000,67.2000,67.1400,67.1400,2015
2024-12-02 05:25:00,67.1900,67.2000,67.1900,67.2000,720
2024-12-02 05:24:00,67.2000,67.2000,67.1900,67.1900,758
2024-12-02 05:23:00,67.1900,67.2000,67.1600,67.2000,667
2024-12-02 05:22:00,67.1300,67.1900,67.1200,67.1900,2001
2024-12-02 05:21:00,67.0900,67.1200,67.0900,67.1200,1111
2024-12-02 05:20:00,67.0600,67.1100,67.0500,67.1100,1658
2024-12-02 05:19:00,67.0600,67.0800,67.0200,67.0600,444
2024-12-02 05:18:00,67.1100,67.1100,67.0400,67.0800,1299
2024-12-02 05:17:00,67.0800,67.1100,67.0600,67.0900,325
2024-12-02 05:16:00,67.1400,67.1800,67.0700,67.0800,2927
2024-12-02 05:15:00,67.1900,67.1900,67.1300,67.1400,633
2024-12-02 05:14:00,67.2000,67.2000,67.1700,67.1900,2344
2024-12-02 05:13:00,67.0600,67.2100,67.0600,67.2000,2784
2024-12-02 05:12:00,67.0200,67.0800,67.0000,67.0600,3331
2024-12-02 05:11:00,66.9600,67.0200,66.9600,67.0200,1404
2024-12-02 05:10:00,66.9700,66.9700,66.9500,66.9600,82
2024-12-02 05:09:00,66.9900,66.9900,66.9300,66.9500,2161
2024-12-02 05:08:00,66.9900,67.0000,66.9900,66.9900,469
2024-12-02 05:07:00,66.9600,67.0000,66.9600,66.9900,1459
2024-12-02 05:06:00,66.9500,66.9600,66.9500,66.9500,591
2024-12-02 05:05:00,66.9500,66.9600,66.9300,66.9500,457
2024-12-02 05:04:00,66.9600,66.9700,66.9200,66.9500,207
2024-12-02 05:03:00,66.9900,67.0000,66.9400,66.9600,1401
2024-12-02 05:02:00,66.9800,67.0000,66.9800,66.9900,801
2024-12-02 05:01:00,66.9900,66.9900,66.9600,66.9600,118
2024-12-02 05:00:00,66.9600,66.9900,66.9600,66.9800,904
2024-12-02 04:59:00,66.9100,66.9600,66.9100,66.9600,342
2024-12-02 04:58:00,66.9800,67.0000,66.9000,66.9100,3096
2024-12-02 04:57:00,66.9500,67.0000,66.9400,66.9900,2764
2024-12-02 04:56:00,66.9500,66.9900,66.9300,66.9700,810
2024-12-02 04:55:00,66.9400,66.9900,66.9300,66.9300,6081
2024-12-02 04:54:00,66.9400,66.9500,66.9400,66.9400,696
2024-12-02 04:53:00,66.9400,66.9600,66.9300,66.9500,1366
2024-12-02 04:52:00,66.9500,66.9600,66.9300,66.9500,410
2024-12-02 04:51:00,66.9700,66.9900,66.9400,66.9500,1465
2024-12-02 04:50:00,66.9800,67.0000,66.9500,66.9700,1134
2024-12-02 04:49:00,66.9800,67.0100,66.9500,66.9800,2042
2024-12-02 04:48:00,67.1000,67.1000,66.9700,66.9700,5790
2024-12-02 04:47:00,67.0300,67.1000,67.0300,67.0800,3738
2024-12-02 04:46:00,67.0800,67.0800,66.9900,67.0300,6230
2024-12-02 04:45:00,67.1200,67.1300,67.0500,67.0600,3546
2024-12-02 04:44:00,67.1500,67.1700,67.0900,67.1300,2569
2024-12-02 04:43:00,67.1300,67.1500,67.1100,67.1500,1875
2024-12-02 04:42:00,67.1800,67.2000,67.1100,67.1300,3837
2024-12-02 04:41:00,67.2000,67.2000,67.1600,67.1800,1832
2024-12-02 04:40:00,67.2200,67.2400,67.1700,67.1900,995
2024-12-02 04:39:00,67.1700,67.2300,67.1600,67.2100,3131
2024-12-02 04:38:00,67.2000,67.2000,67.1500,67.1600,883
2024-12-02 04:37:00,67.1900,67.2000,67.1800,67.1800,482
2024-12-02 04:36:00,67.2200,67.2200,67.1800,67.1800,1441
2024-12-02 04:35:00,67.2600,67.2800,67.1800,67.1800,1623
2024-12-02 04:34:00,67.2600,67.3100,67.2500,67.2500,3337
2024-12-02 04:33:00,67.3000,67.3000,67.2200,67.2500,2920
2024-12-02 04:32:00,67.3200,67.3500,67.2900,67.3000,9702
2024-12-02 04:31:00,67.2800,67.3200,67.2800,67.3200,2945
2024-12-02 04:30:00,67.2600,67.2900,67.2400,67.2900,1045
2024-12-02 04:29:00,67.2600,67.2600,67.2200,67.2600,2562
2024-12-02 04:28:00,67.2000,67.2900,67.2000,67.2700,6364
2024-12-02 04:27:00,67.2000,67.2000,67.1600,67.2000,2411
2024-12-02 04:26:00,67.1600,67.2000,67.1500,67.2000,2215
2024-12-02 04:25:00,67.1900,67.2000,67.1500,67.1600,1098
2024-12-02 04:24:00,67.1700,67.2400,67.1500,67.1900,6037
2024-12-02 04:23:00,67.1200,67.2000,67.1100,67.1900,2522
2024-12-02 04:22:00,67.2000,67.2000,67.1200,67.1200,2018
2024-12-02 04:21:00,67.1800,67.2000,67.1800,67.2000,1556
2024-12-02 04:20:00,67.1700,67.2000,67.1500,67.2000,1457
2024-12-02 04:19:00,67.1200,67.1500,67.0800,67.1500,4374
2024-12-02 04:18:00,67.1800,67.2100,67.1100,67.1200,8332
2024-12-02 04:17:00,67.1300,67.2000,67.1300,67.1900,7006
2024-12-02 04:16:00,67.1400,67.1600,67.1200,67.1300,1500
2024-12-02 04:15:00,67.1400,67.1700,67.1100,67.1300,1616
2024-12-02 04:14:00,67.1400,67.1500,67.0800,67.1200,4859
2024-12-02 04:13:00,67.1500,67.1900,67.1100,67.1500,6402
2024-12-02 04:12:00,66.9900,67.1900,66.9900,67.1800,6917
2024-12-02 04:11:00,66.9400,66.9800,66.9300,66.9800,1401
2024-12-02 04:10:00,66.8200,66.9700,66.8000,66.9700,10014
2024-12-02 04:09:00,66.8800,66.9000,66.8000,66.8000,5455
2024-12-02 04:08:00,66.8800,66.8900,66.8500,66.8800,3029
2024-12-02 04:07:00,66.8300,66.9200,66.8200,66.8800,4751
2024-12-02 04:06:00,66.8000,66.8400,66.8000,66.8200,1379
2024-12-02 04:05:00,66.9100,66.9300,66.8000,66.8200,8708
2024-12-02 04:04:00,66.8900,66.9600,66.8500,66.9300,3312
2024-12-02 04:03:00,66.9700,66.9800,66.8100,66.8900,9632
2024-12-02 04:02:00,66.8100,67.0000,66.8100,66.9800,13702
2024-12-02 04:01:00,66.7900,66.8400,66.7800,66.8200,4052
2024-12-02 04:00:00,67.0000,67.1200,66.7500,66.7900,10944